course_id	course_block	course_title	lesson_id	lesson_title	lesson_count	record_count
course_b_0	Тайский без паники	Тайский без паники	course_b_0_l1	Как устроен язык	3	7
course_b_0	Тайский без паники	Тайский без паники	course_b_0_l2	Как работают тоны	3	9
course_b_0	Тайский без паники	Тайский без паники	course_b_0_l3	Как думают тайцы	3	8
course_b_1	Разговорный старт	Разговорный старт	course_b_1_l1	Приветствие	7	7
course_b_1	Разговорный старт	Разговорный старт	course_b_1_l2	Знакомство	7	6
course_b_1	Разговорный старт	Разговорный старт	course_b_1_l3	Как дела?	7	8
course_b_1	Разговорный старт	Разговорный старт	course_b_1_l4	Просьбы	7	8
course_b_1	Разговорный старт	Разговорный старт	course_b_1_l5	Где тут?	7	8
course_b_1	Разговорный старт	Разговорный старт	course_b_1_l6	Цена	7	8
course_b_1	Разговорный старт	Разговорный старт	course_b_1_l7	Спасибо и извини	7	6
course_b_2	Магия интонации	Магия интонации	course_b_2_l1	Три тона на примерах	6	8
course_b_2	Магия интонации	Магия интонации	course_b_2_l2	Падение и подъём	6	8
course_b_2	Магия интонации	Магия интонации	course_b_2_l3	Эмоции тоном	6	8
course_b_2	Магия интонации	Магия интонации	course_b_2_l4	Быстрая речь	6	8
course_b_2	Магия интонации	Магия интонации	course_b_2_l5	Хвостики на и ной	6	7
course_b_2	Магия интонации	Магия интонации	course_b_2_l6	В 7-Eleven говорят так	6	9
course_b_3	Я, ты, он, семья	Я, ты, он, семья	course_b_3_l1	Я и ты	7	6
course_b_3	Я, ты, он, семья	Я, ты, он, семья	course_b_3_l2	Он, она, они	7	8
course_b_3	Я, ты, он, семья	Я, ты, он, семья	course_b_3_l3	Семья	7	9
course_b_3	Я, ты, он, семья	Я, ты, он, семья	course_b_3_l4	Возраст и профессия	7	9
course_b_3	Я, ты, он, семья	Я, ты, он, семья	course_b_3_l5	Мой, твой, его	7	9
course_b_3	Я, ты, он, семья	Я, ты, он, семья	course_b_3_l6	Мини-диалог знакомства	7	8
course_b_3	Я, ты, он, семья	Я, ты, он, семья	course_b_3_l7	Друзья и гости	7	10
course_b_4	Время, место, цифры	Время, место, цифры	course_b_4_l1	Числа 1–10	6	10
course_b_4	Время, место, цифры	Время, место, цифры	course_b_4_l2	Числа 10–100	6	10
course_b_4	Время, место, цифры	Время, место, цифры	course_b_4_l3	Который час?	6	10
course_b_4	Время, место, цифры	Время, место, цифры	course_b_4_l4	Дни недели	6	10
course_b_4	Время, место, цифры	Время, место, цифры	course_b_4_l5	Прямо, налево, 100 метров	6	9
course_b_4	Время, место, цифры	Время, место, цифры	course_b_4_l6	Сколько человек, раз	6	10
course_b_5	Главные глаголы	Главные глаголы	course_b_5_l1	Идти и приходить	7	9
course_b_5	Главные глаголы	Главные глаголы	course_b_5_l2	Хотеть и любить	7	11
course_b_5	Главные глаголы	Главные глаголы	course_b_5_l3	Говорить и понимать	7	10
course_b_5	Главные глаголы	Главные глаголы	course_b_5_l4	Есть, пить, покупать	7	12
course_b_5	Главные глаголы	Главные глаголы	course_b_5_l5	Делать и работать	7	12
course_b_5	Главные глаголы	Главные глаголы	course_b_5_l6	Спать, сидеть, давать	7	11
course_b_5	Главные глаголы	Главные глаголы	course_b_5_l7	Знать, видеть, жить	7	11
course_b_6	Вкусно, красиво, горячо	Вкусно, красиво, горячо	course_b_6_l1	Вкусно и остро	6	9
course_b_6	Вкусно, красиво, горячо	Вкусно, красиво, горячо	course_b_6_l2	Красиво и дорого	6	8
course_b_6	Вкусно, красиво, горячо	Вкусно, красиво, горячо	course_b_6_l3	Горячо и холодно	6	11
course_b_6	Вкусно, красиво, горячо	Вкусно, красиво, горячо	course_b_6_l4	Большой, маленький	6	9
course_b_6	Вкусно, красиво, горячо	Вкусно, красиво, горячо	course_b_6_l5	Хороший и плохой	6	11
course_b_6	Вкусно, красиво, горячо	Вкусно, красиво, горячо	course_b_6_l6	Новый, старый, быстрый	6	11
course_b_7	Диалоги как у местных	Диалоги как у местных	course_b_7_l1	7-Eleven	6	4
course_b_7	Диалоги как у местных	Диалоги как у местных	course_b_7_l2	Кафе	6	4
course_b_7	Диалоги как у местных	Диалоги как у местных	course_b_7_l3	Такси	6	6
course_b_7	Диалоги как у местных	Диалоги как у местных	course_b_7_l4	Рынок	6	4
course_b_7	Диалоги как у местных	Диалоги как у местных	course_b_7_l5	Сосед	6	4
course_b_7	Диалоги как у местных	Диалоги как у местных	course_b_7_l6	Сборный день	6	5
course_l_1	На посту с полицией	На посту с полицией	course_l_1_l1	Вежливо на посту	7	8
course_l_1	На посту с полицией	На посту с полицией	course_l_1_l2	Паспорт и виза	7	8
course_l_1	На посту с полицией	На посту с полицией	course_l_1_l3	Вопросы полиции	7	8
course_l_1	На посту с полицией	На посту с полицией	course_l_1_l4	Всё ок	7	8
course_l_1	На посту с полицией	На посту с полицией	course_l_1_l5	Спасибо и до свидания	7	8
course_l_1	На посту с полицией	На посту с полицией	course_l_1_l6	Мини-сценка поста	7	8
course_l_1	На посту с полицией	На посту с полицией	course_l_1_l7	Полный диалог на посту	7	8
course_e_6	Мягкий тайский твой	Мягкий тайский твой	course_e_6_l1	Смягчить просьбу	6	8
course_e_6	Мягкий тайский твой	Мягкий тайский твой	course_e_6_l2	Тон и громкость	6	8
course_e_6	Мягкий тайский твой	Мягкий тайский твой	course_e_6_l3	Маркеры каа и кхрап	6	8
course_e_6	Мягкий тайский твой	Мягкий тайский твой	course_e_6_l4	Чувства словами	6	8
course_e_6	Мягкий тайский твой	Мягкий тайский твой	course_e_6_l5	Фаранг-резкость	6	8
course_e_6	Мягкий тайский твой	Мягкий тайский твой	course_e_6_l6	Мягкий тайский сценка	6	8
course_e_2	Работа с тайцами	Работа с тайцами	course_e_2_l1	Сделай пожалуйста	6	8
course_e_2	Работа с тайцами	Работа с тайцами	course_e_2_l2	Как статус?	6	8
course_e_2	Работа с тайцами	Работа с тайцами	course_e_2_l3	Можно быстрее?	6	8
course_e_2	Работа с тайцами	Работа с тайцами	course_e_2_l4	Комплименты коллегам	6	8
course_e_2	Работа с тайцами	Работа с тайцами	course_e_2_l5	Рабочий small talk	6	8
course_e_2	Работа с тайцами	Работа с тайцами	course_e_2_l6	Работа сценка	6	8
course_e_5	Коды Таиланда	Коды Таиланда	course_e_5_l1	Крэнг-джай	6	7
course_e_5	Коды Таиланда	Коды Таиланда	course_e_5_l2	Джай-йен	6	6
course_e_5	Коды Таиланда	Коды Таиланда	course_e_5_l3	Сабай и май пэн рай	6	8
course_e_5	Коды Таиланда	Коды Таиланда	course_e_5_l4	Обходные фразы	6	8
course_e_5	Коды Таиланда	Коды Таиланда	course_e_5_l5	Скрытые смыслы	6	8
course_e_5	Коды Таиланда	Коды Таиланда	course_e_5_l6	Коды сценка	6	8
course_e_3	Сервис и персонал	Сервис и персонал	course_e_3_l1	Уберите пожалуйста	6	8
course_e_3	Сервис и персонал	Сервис и персонал	course_e_3_l2	Почините кондиционер	6	8
course_e_3	Сервис и персонал	Сервис и персонал	course_e_3_l3	Можно пораньше?	6	8
course_e_3	Сервис и персонал	Сервис и персонал	course_e_3_l4	Уточнение деталей	6	8
course_e_3	Сервис и персонал	Сервис и персонал	course_e_3_l5	Благодарность за сервис	6	8
course_e_3	Сервис и персонал	Сервис и персонал	course_e_3_l6	Сервис сценка	6	8
course_e_1	Понятный тайский	Понятный тайский	course_e_1_l1	Ясность без резкости	6	8
course_e_1	Понятный тайский	Понятный тайский	course_e_1_l2	Мягкость в ритме	6	8
course_e_1	Понятный тайский	Понятный тайский	course_e_1_l3	Частицы смягчения	6	7
course_e_1	Понятный тайский	Понятный тайский	course_e_1_l4	Без резких формулировок	6	8
course_e_1	Понятный тайский	Понятный тайский	course_e_1_l5	Маркеры вежливости	6	8
course_e_1	Понятный тайский	Понятный тайский	course_e_1_l6	Понятный тайский сценка	6	8
course_l_15	После заката всё интереснее	После заката всё интереснее	course_l_15_l1	Ещё один	7	8
course_l_15	После заката всё интереснее	После заката всё интереснее	course_l_15_l2	Сколько за пиво?	7	8
course_l_15	После заката всё интереснее	После заката всё интереснее	course_l_15_l3	Small talk	7	8
course_l_15	После заката всё интереснее	После заката всё интереснее	course_l_15_l4	Музыка и танцы	7	8
course_l_15	После заката всё интереснее	После заката всё интереснее	course_l_15_l5	Знакомства	7	8
course_l_15	После заката всё интереснее	После заката всё интереснее	course_l_15_l6	Ночная сценка	7	8
course_l_15	После заката всё интереснее	После заката всё интереснее	course_l_15_l7	Диалоги в баре	7	8
course_l_2	Таксист, вези меня домой	Таксист, вези меня домой	course_l_2_l1	Куда едем	7	8
course_l_2	Таксист, вези меня домой	Таксист, вези меня домой	course_l_2_l2	Цена до поездки	7	8
course_l_2	Таксист, вези меня домой	Таксист, вези меня домой	course_l_2_l3	Прямо и налево	7	8
course_l_2	Таксист, вези меня домой	Таксист, вези меня домой	course_l_2_l4	Останови здесь	7	8
course_l_2	Таксист, вези меня домой	Таксист, вези меня домой	course_l_2_l5	Чуть подожди	7	8
course_l_2	Таксист, вези меня домой	Таксист, вези меня домой	course_l_2_l6	Сценка такси	7	8
course_l_2	Таксист, вези меня домой	Таксист, вези меня домой	course_l_2_l7	День vs Ночь и Grab	7	8
course_l_3	Король рынка	Король рынка	course_l_3_l1	Числа на рынке	7	8
course_l_3	Король рынка	Король рынка	course_l_3_l2	Сколько за это	7	8
course_l_3	Король рынка	Король рынка	course_l_3_l3	Дорого и дешевле	7	8
course_l_3	Король рынка	Король рынка	course_l_3_l4	Давай 200	7	8
course_l_3	Король рынка	Король рынка	course_l_3_l5	Фрукты и штуки	7	12
course_l_3	Король рынка	Король рынка	course_l_3_l6	Король рынка	7	8
course_l_3	Король рынка	Король рынка	course_l_3_l7	Торг за разное	7	8
course_l_4	Вселенная тайской еды	Вселенная тайской еды	course_l_4_l1	Пад тай и сом там	7	9
course_l_4	Вселенная тайской еды	Вселенная тайской еды	course_l_4_l2	Том ям и кхао ман	7	8
course_l_4	Вселенная тайской еды	Вселенная тайской еды	course_l_4_l3	Мало остро	7	8
course_l_4	Вселенная тайской еды	Вселенная тайской еды	course_l_4_l4	Без рыбы и ещё риса	7	8
course_l_4	Вселенная тайской еды	Вселенная тайской еды	course_l_4_l5	На фудкорте	7	8
course_l_4	Вселенная тайской еды	Вселенная тайской еды	course_l_4_l6	Вкусно и счёт	7	8
course_l_4	Вселенная тайской еды	Вселенная тайской еды	course_l_4_l7	Заказ с аллергиями	7	7
course_l_5	Доктор Тайка дежурит	Доктор Тайка дежурит	course_l_5_l1	Голова болит	7	7
course_l_5	Доктор Тайка дежурит	Доктор Тайка дежурит	course_l_5_l2	Живот и температура	7	8
course_l_5	Доктор Тайка дежурит	Доктор Тайка дежурит	course_l_5_l3	Таблетка от …	7	8
course_l_5	Доктор Тайка дежурит	Доктор Тайка дежурит	course_l_5_l4	Сколько раз в день	7	8
course_l_5	Доктор Тайка дежурит	Доктор Тайка дежурит	course_l_5_l5	Аллергия и нет	7	8
course_l_5	Доктор Тайка дежурит	Доктор Тайка дежурит	course_l_5_l6	В аптеке диалог	7	8
course_l_5	Доктор Тайка дежурит	Доктор Тайка дежурит	course_l_5_l7	В клинике	7	8
course_l_6	Белый лотос на максималках	Белый лотос на максималках	course_l_6_l1	Номер и ключ	7	8
course_l_6	Белый лотос на максималках	Белый лотос на максималках	course_l_6_l2	Уборка и полотенце	7	8
course_l_6	Белый лотос на максималках	Белый лотос на максималках	course_l_6_l3	Кондиционер	7	8
course_l_6	Белый лотос на максималках	Белый лотос на максималках	course_l_6_l4	Ранний заезд	7	8
course_l_6	Белый лотос на максималках	Белый лотос на максималках	course_l_6_l5	Счёт и выезд	7	8
course_l_6	Белый лотос на максималках	Белый лотос на максималках	course_l_6_l6	В отеле сценка	7	8
course_l_6	Белый лотос на максималках	Белый лотос на максималках	course_l_6_l7	Проблемы в номере	7	8
course_l_14	Таиланд доставляет	Таиланд доставляет	course_l_14_l1	Посылка	7	8
course_l_14	Таиланд доставляет	Таиланд доставляет	course_l_14_l2	Адрес	7	8
course_l_14	Таиланд доставляет	Таиланд доставляет	course_l_14_l3	Трек-номер	7	8
course_l_14	Таиланд доставляет	Таиланд доставляет	course_l_14_l4	Курьер где?	7	8
course_l_14	Таиланд доставляет	Таиланд доставляет	course_l_14_l5	Сколько доставка?	7	8
course_l_14	Таиланд доставляет	Таиланд доставляет	course_l_14_l6	Доставка сценка	7	8
course_l_14	Таиланд доставляет	Таиланд доставляет	course_l_14_l7	Проблемы с доставкой	7	8
course_l_7	Пляж как состояние	Пляж как состояние	course_l_7_l1	Тень и солнце	7	7
course_l_7	Пляж как состояние	Пляж как состояние	course_l_7_l2	Шезлонг и лежак	7	8
course_l_7	Пляж как состояние	Пляж как состояние	course_l_7_l3	Кокос и напитки	7	8
course_l_7	Пляж как состояние	Пляж как состояние	course_l_7_l4	Снорклинг	7	8
course_l_7	Пляж как состояние	Пляж как состояние	course_l_7_l5	Пляжный день	7	8
course_l_7	Пляж как состояние	Пляж как состояние	course_l_7_l6	На пляже сценка	7	8
course_l_7	Пляж как состояние	Пляж как состояние	course_l_7_l7	Аренда и напитки	7	8
course_l_8	Магазинные приключения	Магазинные приключения	course_l_8_l1	Где товар	7	8
course_l_8	Магазинные приключения	Магазинные приключения	course_l_8_l2	Цена на полке	7	8
course_l_8	Магазинные приключения	Магазинные приключения	course_l_8_l3	Касса и очередь	7	9
course_l_8	Магазинные приключения	Магазинные приключения	course_l_8_l4	Пакет и карта	7	8
course_l_8	Магазинные приключения	Магазинные приключения	course_l_8_l5	Big C и Tesco	7	8
course_l_8	Магазинные приключения	Магазинные приключения	course_l_8_l6	Магазин сценка	7	8
course_l_8	Магазинные приключения	Магазинные приключения	course_l_8_l7	В Big C и возврат	7	8
course_l_9	Срочная помощь	Срочная помощь	course_l_9_l1	Помогите	7	8
course_l_9	Срочная помощь	Срочная помощь	course_l_9_l2	Полиция и скорая	7	8
course_l_9	Срочная помощь	Срочная помощь	course_l_9_l3	Больница	7	8
course_l_9	Срочная помощь	Срочная помощь	course_l_9_l4	У меня украли	7	8
course_l_9	Срочная помощь	Срочная помощь	course_l_9_l5	Пожар	7	8
course_l_9	Срочная помощь	Срочная помощь	course_l_9_l6	Адрес и телефон	7	8
course_l_9	Срочная помощь	Срочная помощь	course_l_9_l7	Экстренный диалог	7	9
course_l_10	Между подходами	Между подходами	course_l_10_l1	Абонемент	7	9
course_l_10	Между подходами	Между подходами	course_l_10_l2	Тренировка	7	9
course_l_10	Между подходами	Между подходами	course_l_10_l3	Веса и тренажёры	7	8
course_l_10	Между подходами	Между подходами	course_l_10_l4	Тренер	7	8
course_l_10	Между подходами	Между подходами	course_l_10_l5	Душ и шкафчик	7	8
course_l_10	Между подходами	Между подходами	course_l_10_l6	Зал сценка	7	8
course_l_10	Между подходами	Между подходами	course_l_10_l7	Диалог с тренером	7	8
course_l_11	Сезон Сонгкрана и не только	Сезон Сонгкрана и не только	course_l_11_l1	Сонгкран	7	8
course_l_11	Сезон Сонгкрана и не только	Сезон Сонгкрана и не только	course_l_11_l2	Лой Кратонг	7	8
course_l_11	Сезон Сонгкрана и не только	Сезон Сонгкрана и не только	course_l_11_l3	Йи Пенг	7	8
course_l_11	Сезон Сонгкрана и не только	Сезон Сонгкрана и не только	course_l_11_l4	Праздник и ярмарка	7	8
course_l_11	Сезон Сонгкрана и не только	Сезон Сонгкрана и не только	course_l_11_l5	Поздравления	7	8
course_l_11	Сезон Сонгкрана и не только	Сезон Сонгкрана и не только	course_l_11_l6	Фестиваль сценка	7	8
course_l_11	Сезон Сонгкрана и не только	Сезон Сонгкрана и не только	course_l_11_l7	Праздники 2026	7	8
course_l_12	Новый тайский образ	Новый тайский образ	course_l_12_l1	Стрижка	6	8
course_l_12	Новый тайский образ	Новый тайский образ	course_l_12_l2	Длина и форма	6	8
course_l_12	Новый тайский образ	Новый тайский образ	course_l_12_l3	Массаж головы	6	7
course_l_12	Новый тайский образ	Новый тайский образ	course_l_12_l4	Борода	6	7
course_l_12	Новый тайский образ	Новый тайский образ	course_l_12_l5	Цена и время	6	8
course_l_12	Новый тайский образ	Новый тайский образ	course_l_12_l6	Салон сценка	6	8
course_l_13	Хозяин дома — почти сосед	Хозяин дома — почти сосед	course_l_13_l1	Протечка	7	7
course_l_13	Хозяин дома — почти сосед	Хозяин дома — почти сосед	course_l_13_l2	Оплата	7	8
course_l_13	Хозяин дома — почти сосед	Хозяин дома — почти сосед	course_l_13_l3	Кондиционер сломан	7	8
course_l_13	Хозяин дома — почти сосед	Хозяин дома — почти сосед	course_l_13_l4	Можно починить?	7	8
course_l_13	Хозяин дома — почти сосед	Хозяин дома — почти сосед	course_l_13_l5	Когда приедете?	7	8
course_l_13	Хозяин дома — почти сосед	Хозяин дома — почти сосед	course_l_13_l6	Чат с хозяином	7	8
course_l_13	Хозяин дома — почти сосед	Хозяин дома — почти сосед	course_l_13_l7	Диалог о ремонте и соседи	7	8
course_e_4	Разговоры без конфликта	Разговоры без конфликта	course_e_4_l1	Извините	6	8
course_e_4	Разговоры без конфликта	Разговоры без конфликта	course_e_4_l2	Я не так имел в виду	6	8
course_e_4	Разговоры без конфликта	Разговоры без конфликта	course_e_4_l3	Давай решим по-другому	6	8
course_e_4	Разговоры без конфликта	Разговоры без конфликта	course_e_4_l4	Уровни вежливости	6	8
course_e_4	Разговоры без конфликта	Разговоры без конфликта	course_e_4_l5	Выход из неловкости	6	8
course_e_4	Разговоры без конфликта	Разговоры без конфликта	course_e_4_l6	Без конфликта сценка	6	8
course_s_1	Тайский для блогинга	Тайский для блогинга	course_s_1_l1	Сегодня сабай	6	8
course_s_1	Тайский для блогинга	Тайский для блогинга	course_s_1_l2	Вайб 100	6	8
course_s_1	Тайский для блогинга	Тайский для блогинга	course_s_1_l3	Подписи к фото	6	8
course_s_1	Тайский для блогинга	Тайский для блогинга	course_s_1_l4	Ответы подписчикам	6	8
course_s_1	Тайский для блогинга	Тайский для блогинга	course_s_1_l5	Эмодзи и сленг	6	8
course_s_1	Тайский для блогинга	Тайский для блогинга	course_s_1_l6	Сторис сценка	6	8
course_s_2	Хобби и движ по-тайски	Хобби и движ по-тайски	course_s_2_l1	Муай-тай и йога	6	8
course_s_2	Хобби и движ по-тайски	Хобби и движ по-тайски	course_s_2_l2	Где зал?	6	8
course_s_2	Хобби и движ по-тайски	Хобби и движ по-тайски	course_s_2_l3	Сколько стоит занятие?	6	8
course_s_2	Хобби и движ по-тайски	Хобби и движ по-тайски	course_s_2_l4	Когда следующий класс?	6	8
course_s_2	Хобби и движ по-тайски	Хобби и движ по-тайски	course_s_2_l5	Серфинг и керамика	6	8
course_s_2	Хобби и движ по-тайски	Хобби и движ по-тайски	course_s_2_l6	С тренером сценка	6	8
course_s_3	О чём говорят на самом деле	О чём говорят на самом деле	course_s_3_l1	555 и джин	6	7
course_s_3	О чём говорят на самом деле	О чём говорят на самом деле	course_s_3_l2	Джай-рай и фан	6	8
course_s_3	О чём говорят на самом деле	О чём говорят на самом деле	course_s_3_l3	Идиомы нам-джай	6	8
course_s_3	О чём говорят на самом деле	О чём говорят на самом деле	course_s_3_l4	Кхон ди и другие	6	5
course_s_3	О чём говорят на самом деле	О чём говорят на самом деле	course_s_3_l5	Шутки и подкасты	6	8
course_s_3	О чём говорят на самом деле	О чём говорят на самом деле	course_s_3_l6	Неформальное сценка	6	8
course_s_4	Ретрит и внутренний сабай	Ретрит и внутренний сабай	course_s_4_l1	Правила молчания	6	8
course_s_4	Ретрит и внутренний сабай	Ретрит и внутренний сабай	course_s_4_l2	Расписание	6	7
course_s_4	Ретрит и внутренний сабай	Ретрит и внутренний сабай	course_s_4_l3	Можно медитировать?	6	8
course_s_4	Ретрит и внутренний сабай	Ретрит и внутренний сабай	course_s_4_l4	Где дхарма-холл?	6	8
course_s_4	Ретрит и внутренний сабай	Ретрит и внутренний сабай	course_s_4_l5	С монахами	6	8
course_s_4	Ретрит и внутренний сабай	Ретрит и внутренний сабай	course_s_4_l6	Ретрит сценка	6	8
course_s_5	Романтика по-тайски	Романтика по-тайски	course_s_5_l1	На-рак	6	8
course_s_5	Романтика по-тайски	Романтика по-тайски	course_s_5_l2	Как ты?	6	8
course_s_5	Романтика по-тайски	Романтика по-тайски	course_s_5_l3	Намёки и интерес	6	8
course_s_5	Романтика по-тайски	Романтика по-тайски	course_s_5_l4	Май яак	6	8
course_s_5	Романтика по-тайски	Романтика по-тайски	course_s_5_l5	Пен а-рай ган	6	7
course_s_5	Романтика по-тайски	Романтика по-тайски	course_s_5_l6	Романтика сценка	6	8
course_s_6	Тай кидс	Тай кидс	course_s_6_l1	Играть?	6	7
course_s_6	Тай кидс	Тай кидс	course_s_6_l2	Кэнг маак	6	8
course_s_6	Тай кидс	Тай кидс	course_s_6_l3	Раванг на	6	7
course_s_6	Тай кидс	Тай кидс	course_s_6_l4	С родителями	6	7
course_s_6	Тай кидс	Тай кидс	course_s_6_l5	На пляже и в кафе	6	8
course_s_6	Тай кидс	Тай кидс	course_s_6_l6	Тай кидс сценка	6	8
course_long_1	Виза, продление, иммиграция	Виза, продление, иммиграция	course_long_1_l1	90-day report	6	8
course_long_1	Виза, продление, иммиграция	Виза, продление, иммиграция	course_long_1_l2	Продление визы	6	8
course_long_1	Виза, продление, иммиграция	Виза, продление, иммиграция	course_long_1_l3	TM.30 и фото 4×6	6	8
course_long_1	Виза, продление, иммиграция	Виза, продление, иммиграция	course_long_1_l4	Почему отказали?	6	8
course_long_1	Виза, продление, иммиграция	Виза, продление, иммиграция	course_long_1_l5	Где оплатить штраф?	6	8
course_long_1	Виза, продление, иммиграция	Виза, продление, иммиграция	course_long_1_l6	Иммиграция сценка	6	8
course_long_2	Банки, деньги, крипта	Банки, деньги, крипта	course_long_2_l1	Открытие счёта	6	8
course_long_2	Банки, деньги, крипта	Банки, деньги, крипта	course_long_2_l2	Wise и PromptPay	6	8
course_long_2	Банки, деньги, крипта	Банки, деньги, крипта	course_long_2_l3	Крипто-обменники	6	8
course_long_2	Банки, деньги, крипта	Банки, деньги, крипта	course_long_2_l4	Перевод не пришёл	6	8
course_long_2	Банки, деньги, крипта	Банки, деньги, крипта	course_long_2_l5	Карта заблокирована	6	8
course_long_2	Банки, деньги, крипта	Банки, деньги, крипта	course_long_2_l6	Банк сценка	6	8
course_long_3	Полная медицина и страховка	Полная медицина и страховка	course_long_3_l1	Симптомы подробно	7	8
course_long_3	Полная медицина и страховка	Полная медицина и страховка	course_long_3_l2	УЗИ и анализы	7	8
course_long_3	Полная медицина и страховка	Полная медицина и страховка	course_long_3_l3	Аллергия на пенициллин	7	8
course_long_3	Полная медицина и страховка	Полная медицина и страховка	course_long_3_l4	Страховка покрывает?	7	8
course_long_3	Полная медицина и страховка	Полная медицина и страховка	course_long_3_l5	Ассистанс	7	8
course_long_3	Полная медицина и страховка	Полная медицина и страховка	course_long_3_l6	Рецепт и аптека	7	8
course_long_3	Полная медицина и страховка	Полная медицина и страховка	course_long_3_l7	Медицина сценка	7	8
course_long_4	Транспорт для своих	Транспорт для своих	course_long_4_l1	Мототакси и GrabBike	6	8
course_long_4	Транспорт для своих	Транспорт для своих	course_long_4_l2	Аренда байка	6	8
course_long_4	Транспорт для своих	Транспорт для своих	course_long_4_l3	Где шлем?	6	8
course_long_4	Транспорт для своих	Транспорт для своих	course_long_4_l4	Страховка байка	6	8
course_long_4	Транспорт для своих	Транспорт для своих	course_long_4_l5	Сонгтео	6	8
course_long_4	Транспорт для своих	Транспорт для своих	course_long_4_l6	Транспорт сценка	6	8
course_long_5	Соседи, кондо, правила дома	Соседи, кондо, правила дома	course_long_5_l1	Шум и тишина	6	8
course_long_5	Соседи, кондо, правила дома	Соседи, кондо, правила дома	course_long_5_l2	Курение на балконе	6	8
course_long_5	Соседи, кондо, правила дома	Соседи, кондо, правила дома	course_long_5_l3	Общие зоны	6	8
course_long_5	Соседи, кондо, правила дома	Соседи, кондо, правила дома	course_long_5_l4	Кто-то оставил мусор	6	8
course_long_5	Соседи, кондо, правила дома	Соседи, кондо, правила дома	course_long_5_l5	Собрание жильцов	6	8
course_long_5	Соседи, кондо, правила дома	Соседи, кондо, правила дома	course_long_5_l6	Кондо сценка	6	8
course_long_6	Питомцы в Таиланде	Питомцы в Таиланде	course_long_6_l1	Ветеринар	6	8
course_long_6	Питомцы в Таиланде	Питомцы в Таиланде	course_long_6_l2	Прививки	6	8
course_long_6	Питомцы в Таиланде	Питомцы в Таиланде	course_long_6_l3	Пёс кашляет	6	8
course_long_6	Питомцы в Таиланде	Питомцы в Таиланде	course_long_6_l4	Где груминг?	6	8
course_long_6	Питомцы в Таиланде	Питомцы в Таиланде	course_long_6_l5	Отель с животным?	6	8
course_long_6	Питомцы в Таиланде	Питомцы в Таиланде	course_long_6_l6	Питомцы сценка	6	8
course_long_7	Тайский юмор, мемы, поп-культура	Тайский юмор, мемы, поп-культура	course_long_7_l1	555 и смех	6	8
course_long_7	Тайский юмор, мемы, поп-культура	Тайский юмор, мемы, поп-культура	course_long_7_l2	แซ่บ и нонг	6	8
course_long_7	Тайский юмор, мемы, поп-культура	Тайский юмор, мемы, поп-культура	course_long_7_l3	Фразы из дорам	6	8
course_long_7	Тайский юмор, мемы, поп-культура	Тайский юмор, мемы, поп-культура	course_long_7_l4	Тикток-тренды	6	8
course_long_7	Тайский юмор, мемы, поп-культура	Тайский юмор, мемы, поп-культура	course_long_7_l5	Как шутить по-тайски	6	8
course_long_7	Тайский юмор, мемы, поп-культура	Тайский юмор, мемы, поп-культура	course_long_7_l6	Юмор сценка	6	8
