course_id	lesson_id	source_step_id	parent_source_step_id	action	kind	order	ru	thai	phonetic	tip	scenario	lifehack_or_glitch	qa_status
course_l_3	course_l_3_l3	course_l_3_l3_o9	course_l_3_l3_o9	replace	phrase	9	На ценнике другая цена.	ราคาบนป้ายไม่ตรงครับ	raa-khaa bon bpâai mâi dtrong khráp	Сообщи, что цена на ценнике не совпадает.			native_review_required
course_l_3	course_l_3_l3	course_l_3_l3_o9__part_2	course_l_3_l3_o9	add	phrase	11	На кассе цена другая.	ราคาที่แคชเชียร์ไม่ตรงครับ	raa-khaa thîi khaet-chîa mâi dtrong khráp	Сообщи, что цена на кассе отличается.			native_review_required
course_l_3	course_l_3_l6	course_l_3_l6_o9	course_l_3_l6_o9	replace	phrase	9	Давайте пересчитаем	นับใหม่กันครับ	napaimkankhráp	Используй как короткую реплику; детали и объяснение держи отдельно.			native_review_required
course_l_3	course_l_3_l6	course_l_3_l6_o10	course_l_3_l6_o10	replace	phrase	10	Вот столько	เท่านี้	thaoni	Используй как короткую реплику; детали и объяснение держи отдельно.			native_review_required
course_l_3	course_l_3_l6	course_l_3_l6_o10__part_2	course_l_3_l6_o10	add	phrase	12	Правильно?	ถูกไหมครับ	thukmaikhráp	Используй как короткую реплику; детали и объяснение держи отдельно.			native_review_required
course_l_4	course_l_4_l2	course_l_4_l2_o4	course_l_4_l2_o4	replace	phrase	4	Супы	ซุป	sup	Используй как короткую реплику; детали и объяснение держи отдельно.			native_review_required
course_l_4	course_l_4_l2	course_l_4_l2_o4__part_2	course_l_4_l2_o4	add	phrase	10	Рис	ข้าว	khao	Используй как короткую реплику; детали и объяснение держи отдельно.			native_review_required
course_l_6	course_l_6_l3	course_l_6_l3_o8	course_l_6_l3_o8	replace	phrase	8	Когда будет готово?	จะเสร็จเมื่อไหร่ครับ	jà sèt mûea-rài khráp	Спроси срок готовности ремонта.			native_review_required
course_l_6	course_l_6_l3	course_l_6_l3_o11	course_l_6_l3_o11	replace	phrase	11	Можно починить сегодня?	ซ่อมวันนี้ได้ไหมครับ	somwannidaimaikhráp	Используй как короткую реплику; детали и объяснение держи отдельно.			native_review_required
course_l_6	course_l_6_l4	course_l_6_l4_o9	course_l_6_l4_o9	replace	phrase	9	Позвоните	โทรบอกผม	thonbokphom chan	Используй как короткую реплику; детали и объяснение держи отдельно.			native_review_required
course_l_6	course_l_6_l4	course_l_6_l4_o9__part_2	course_l_6_l4_o9	add	phrase	10	готово	พร้อมแล้ว	phromlaeo	Используй как короткую реплику; детали и объяснение держи отдельно.			native_review_required
course_l_6	course_l_6_l7	course_l_6_l7_o6	course_l_6_l7_o6	replace	phrase	6	Когда можно забрать?	มารับได้เมื่อไหร่ครับ	maa ráp dâi mûea-rài khráp	Спроси, когда можно забрать отремонтированную вещь.			native_review_required
course_l_6	course_l_6_l7	course_l_6_l7_o11	course_l_6_l7_o11	replace	phrase	11	Позвоните, когда закончите.	เสร็จแล้วโทรบอกผมด้วยครับ	sèt láeo thoo bòk phǒm dûai khráp	Попроси позвонить после ремонта.			native_review_required
course_l_6	course_l_6_l7	course_l_6_l7_o11__part_2	course_l_6_l7_o11	add	phrase	12	Перезвоните после ремонта.	ซ่อมเสร็จแล้วโทรกลับด้วยครับ	sɔ̂m sèt láeo thoo glàp dûai khráp	Попроси перезвонить после окончания ремонта.			native_review_required
course_l_7	course_l_7_l4	course_l_7_l4_o8	course_l_7_l4_o8	replace	phrase	8	Когда едем?	เราไปเมื่อไหร่ครับ	raopaimuearaikhráp	Используй как короткую реплику; детали и объяснение держи отдельно.			native_review_required
course_l_7	course_l_7_l6	course_l_7_l6_o4	course_l_7_l6_o4	replace	phrase	4	Лежак	เก้าอี้ชายหาด	kaoichaihat	Используй как короткую реплику; детали и объяснение держи отдельно.			native_review_required
course_l_7	course_l_7_l6	course_l_7_l6_o4__part_2	course_l_7_l6_o4	add	phrase	12	Кокос	มะพร้าว	maprao	Используй как короткую реплику; детали и объяснение держи отдельно.			native_review_required
course_l_7	course_l_7_l7	course_l_7_l7_o6	course_l_7_l7_o6	replace	phrase	6	Когда отплытие?	เรือออกเมื่อไหร่ครับ	rueaokmuearaikhráp	Используй как короткую реплику; детали и объяснение держи отдельно.			native_review_required
course_l_7	course_l_7_l7	course_l_7_l7_o7	course_l_7_l7_o7	replace	phrase	7	Маска	หน้ากากดำน้ำ	nakakdamnam	Используй как короткую реплику; детали и объяснение держи отдельно.			native_review_required
course_l_7	course_l_7_l7	course_l_7_l7_o7__part_2	course_l_7_l7_o7	add	phrase	11	Ласты	ตีนกบ	tinkp	Используй как короткую реплику; детали и объяснение держи отдельно.			native_review_required
course_l_11	course_l_11_l3	course_l_11_l3_o9	course_l_11_l3_o9	replace	phrase	9	Когда начинается фестиваль?	เทศกาลเริ่มกี่โมงครับ	thêet-sà-gaan rə̂əm gìi moong khráp	Спроси время начала фестиваля.			native_review_required
course_l_12	course_l_12_l6	course_l_12_l6_o6	course_l_12_l6_o6	replace	phrase	6	Когда вам удобно?	คุณสะดวกเมื่อไหร่ครับ	khunsaduakmuearaikhráp	Используй как короткую реплику; детали и объяснение держи отдельно.			native_review_required
course_l_12	course_l_12_l6	course_l_12_l6_o10	course_l_12_l6_o10	replace	phrase	10	Можно оплатить картой?	จ่ายด้วยบัตรได้ไหมครับ	chaiduaibatndaimaikhráp	Используй как короткую реплику; детали и объяснение держи отдельно.			native_review_required
course_l_12	course_l_12_l6	course_l_12_l6_o11	course_l_12_l6_o11	replace	phrase	11	Я не так имел в виду	ผมไม่ได้หมายความแบบนั้นครับ	phom chanmaidaimaikwambaepnankhráp	Используй как короткую реплику; детали и объяснение держи отдельно.			native_review_required
course_l_13	course_l_13_l1	course_l_13_l1_o8	course_l_13_l1_o8	replace	phrase	8	Когда вы сможете починить?	จะซ่อมได้เมื่อไหร่ครับ	jà sɔ̂m dâi mûea-rài khráp	Спроси, когда мастер сможет начать ремонт.			native_review_required
course_l_13	course_l_13_l3	course_l_13_l3_o8	course_l_13_l3_o8	replace	phrase	8	Когда вы закончите ремонт?	จะซ่อมเสร็จเมื่อไหร่ครับ	jà sɔ̂m sèt mûea-rài khráp	Спроси срок окончания ремонта.			native_review_required
course_l_13	course_l_13_l4	course_l_13_l4_o6	course_l_13_l4_o6	replace	phrase	6	Сообщите	แจ้งผมด้วย	chaengaphom chanduai	Используй как короткую реплику; детали и объяснение держи отдельно.			native_review_required
course_l_13	course_l_13_l4	course_l_13_l4_o6__part_2	course_l_13_l4_o6	add	phrase	10	Когда курьер приедет?	ไรเดอร์จะมาถึงเมื่อไหร่ครับ	rai-dəə jà maa-thʉ̌ng mûea-rài khráp	Спроси время прибытия курьера.			native_review_required
course_l_13	course_l_13_l6	course_l_13_l6_o5	course_l_13_l6_o5	replace	phrase	5	Напишите мне	เขียนมาบอกผมด้วย	khianmabokphom chanduai	Используй как короткую реплику; детали и объяснение держи отдельно.			native_review_required
course_l_13	course_l_13_l6	course_l_13_l6_o5__part_2	course_l_13_l6_o5	add	phrase	11	Когда будете?	จะมาเมื่อไหร่ครับ	chamamuearaikhráp	Используй как короткую реплику; детали и объяснение держи отдельно.			native_review_required
course_l_13	course_l_13_l7	course_l_13_l7_o4	course_l_13_l7_o4	replace	phrase	4	Когда закончите ремонт?	จะซ่อมเสร็จเมื่อไหร่ครับ	chasomsertmuearaikhrap	Используй как короткую реплику; детали и объяснение держи отдельно.			native_review_required
course_l_14	course_l_14_l1	course_l_14_l1_o8	course_l_14_l1_o8	replace	phrase	8	Когда привезёт?	จะมาส่งเมื่อไหร่ครับ	chamasongmuearaikhráp	Используй как короткую реплику; детали и объяснение держи отдельно.			native_review_required
course_l_15	course_l_15_l6	course_l_15_l6_o9	course_l_15_l6_o9	replace	phrase	9	Спасибо за помощь.	ขอบคุณที่ช่วยนะครับ	khɔ̀ɔp-khun thîi chûai ná khráp	Поблагодари сотрудника за помощь.			native_review_required
course_l_15	course_l_15_l6	course_l_15_l6_o9__part_2	course_l_15_l6_o9	add	phrase	12	Я откажусь от покупки.	ผมไม่รับสินค้าครับ	phǒm mâi ráp sǐn-kháa khráp	Вежливо откажись от товара на кассе.			native_review_required
course_e_1	course_e_1_l2	course_e_1_l2_o5	course_e_1_l2_o5	replace	phrase	5	Давайте в своём темпе	ค่อยๆทำก็ได้ครับ	khoithamkdaikhrap	Используй как короткую реплику; детали и объяснение держи отдельно.			native_review_required
course_e_1	course_e_1_l3	course_e_1_l3_o5	course_e_1_l3_o5	replace	phrase	5	Чтобы не давить	ไม่ต้องกดดันครับ	mataingkadadankhráp	Используй как короткую реплику; детали и объяснение держи отдельно.			native_review_required
course_e_1	course_e_1_l6	course_e_1_l6_o5	course_e_1_l6_o5	replace	phrase	5	Скажу мягче.	ผมจะพูดให้นุ่มนวลขึ้นครับ	phǒm jà phûut hâi nûm-nuan khʉ̂n khráp	Пообещай выразиться мягче.			native_review_required
course_e_1	course_e_1_l6	course_e_1_l6_o5__part_2	course_e_1_l6_o5	add	phrase	9	Объясню понятнее.	ผมจะอธิบายให้ชัดเจนขึ้นครับ	phǒm jà à-thí-baai hâi chát-jen khʉ̂n khráp	Пообещай объяснить понятнее.			native_review_required
course_e_1	course_e_1_l6	course_e_1_l6_o6	course_e_1_l6_o6	replace	phrase	6	Давайте это обсудим.	มาคุยเรื่องนี้กันครับ	maa khui rʉ̂ang níi gan khráp	Предложи спокойно обсудить конкретную тему.			native_review_required
course_e_2	course_e_2_l1	course_e_2_l1_o3	course_e_2_l1_o3	replace	phrase	3	Когда сможете?	คุณจะทำได้เมื่อไหร่ครับ	khunchathamdaimuearaikhráp	Используй как короткую реплику; детали и объяснение держи отдельно.			native_review_required
course_e_2	course_e_2_l6	course_e_2_l6_o4	course_e_2_l6_o4	replace	phrase	4	Ещё не готово?	ยังไม่เสร็จเหรอครับ	yangmaiserterokhrap	Используй как короткую реплику; детали и объяснение держи отдельно.			native_review_required
course_e_4	course_e_4_l1	course_e_4_l1_o3	course_e_4_l1_o3	replace	phrase	3	Без обид, хорошо?	อย่าโกรธกันนะครับ	yàa gròot gan ná khráp	Смягчи несогласие перед важным замечанием.			native_review_required
course_e_4	course_e_4_l2	course_e_4_l2_o3	course_e_4_l2_o3	replace	phrase	3	Уточним?	ขอสอบถามให้ชัดเจนหน่อยได้ไหมครับ	khosopthamhaichatchennoidaimaikhráp	Используй как короткую реплику; детали и объяснение держи отдельно.			native_review_required
course_e_4	course_e_4_l3	course_e_4_l3_o6	course_e_4_l3_o6	replace	phrase	6	Решим вместе?	มาแก้ด้วยกันไหมครับ	makaeduaikanmaikhráp	Используй как короткую реплику; детали и объяснение держи отдельно.			native_review_required
course_e_4	course_e_4_l4	course_e_4_l4_o5	course_e_4_l4_o5	replace	phrase	5	Скажи помягче, пожалуйста.	ช่วยพูดเบาๆหน่อยครับ	chûai phûut bao-bao nòi khráp	Попроси сделать тон мягче.			native_review_required
course_e_4	course_e_4_l5	course_e_4_l5_o6	course_e_4_l5_o6	replace	phrase	6	Давайте оставим это	พักเรื่องนี้ไว้ก่อน	phakrueangniwaikon	Используй как короткую реплику; детали и объяснение держи отдельно.			native_review_required
course_e_4	course_e_4_l5	course_e_4_l5_o6__part_2	course_e_4_l5_o6	add	phrase	10	пойдём дальше	ไปต่อกันครับ	paitokankhráp	Используй как короткую реплику; детали и объяснение держи отдельно.			native_review_required
course_e_5	course_e_5_l3	course_e_5_l3_o4	course_e_5_l3_o4	replace	phrase	4	Когда что сказать	ควรพูดตอนไหนครับ	khuanphuttonnaikhráp	Используй как короткую реплику; детали и объяснение держи отдельно.			native_review_required
course_e_5	course_e_5_l5	course_e_5_l5_o6	course_e_5_l5_o6	replace	phrase	6	Улыбка — не «да	ยิ้มไม่ได้แปลว่าใช่	yimmaidaipaenwachai	Используй как короткую реплику; детали и объяснение держи отдельно.			native_review_required
course_e_5	course_e_5_l5	course_e_5_l5_o6__part_2	course_e_5_l5_o6	add	phrase	9	Спроси прямо	ถามตรงๆครับ	thamtrongkhráp	Используй как короткую реплику; детали и объяснение держи отдельно.			native_review_required
course_e_5	course_e_5_l6	course_e_5_l6_o6	course_e_5_l6_o6	replace	phrase	6	Ответить мягко	ตอบอย่างนุ่มนวล	topyangnumnuan	Используй как короткую реплику; детали и объяснение держи отдельно.			native_review_required
course_e_5	course_e_5_l6	course_e_5_l6_o6__part_2	course_e_5_l6_o6	add	phrase	9	Объясни яснее, пожалуйста.	ช่วยอธิบายให้ชัดเจนหน่อยครับ	chûai à-thí-baai hâi chát-jen nòi khráp	Попроси объяснить понятнее.			native_review_required
course_s_1	course_s_1_l6	course_s_1_l6_o7	course_s_1_l6_o7	replace	phrase	7	Опубликуй пост.	โพสต์ข้อความเลยครับ	phóot khɔ̂ɔ-khwaam loei khráp	Попроси опубликовать подготовленный пост.			native_review_required
course_s_1	course_s_1_l6	course_s_1_l6_o7__part_2	course_s_1_l6_o7	add	phrase	9	Оставь комментарий	แสดงความคิดเห็นด้วยครับ	sà-dɛɛng khwaam-khít-hěn dûai khráp	Попроси оставить комментарий под постом.			native_review_required
course_s_2	course_s_2_l6	course_s_2_l6_o4	course_s_2_l6_o4	replace	phrase	4	Записаться	สมัคร	samakn	Используй как короткую реплику; детали и объяснение держи отдельно.			native_review_required
course_s_2	course_s_2_l6	course_s_2_l6_o4__part_2	course_s_2_l6_o4	add	phrase	9	обсудить	คุยรายละเอียด	khuirailaiat	Используй как короткую реплику; детали и объяснение держи отдельно.			native_review_required
course_s_3	course_s_3_l1	course_s_3_l1_o4	course_s_3_l1_o4	replace	phrase	4	Серьёзно? Реально?	จริงเหรอ	chringero	Используй как короткую реплику; детали и объяснение держи отдельно.			native_review_required
course_s_3	course_s_3_l3	course_s_3_l3_o7	course_s_3_l3_o7	replace	phrase	7	Вот это жестоко	ใจร้ายจัง	jai-rai jang	Так можно отреагировать на жестокую шутку или поступок.			native_review_required
course_s_3	course_s_3_l3	course_s_3_l3_o7__part_2	course_s_3_l3_o7	add	phrase	10	Что ты чувствуешь?	รู้สึกยังไงครับ	rʉ́ʉ-sʉ̀k yang ngai khráp	Спроси о чувствах после личной истории.			native_review_required
course_s_3	course_s_3_l5	course_s_3_l5_o6	course_s_3_l5_o6	replace	phrase	6	Можно так сказать?	พูดแบบนี้ได้ไหมครับ	phûut bàep níi dâi mái khráp	Уточни, подходит ли эта идиома или разговорная формулировка.			native_review_required
course_s_3	course_s_3_l5	course_s_3_l5_o6__part_2	course_s_3_l5_o6	add	phrase	9	Это слово используют в обычной речи?	คำนี้ใช้ในชีวิตประจำวันไหมครับ	kham níi chái nai chii-wít bprà-jam-wan mái khráp	Уточни, звучит ли слово естественно вне учебника.			native_review_required
course_s_4	course_s_4_l2	course_s_4_l2_o4	course_s_4_l2_o4	replace	phrase	4	Во сколько мы медитируем?	เรานั่งสมาธิกี่โมงครับ	rao nâng sà-má-thíi gìi moong khráp	Уточни время общей медитации.			native_review_required
course_s_5	course_s_5_l1	course_s_5_l1_o6	course_s_5_l1_o6	replace	phrase	6	Как мило!	น่ารักจัง	nâa-rák jang	Живая реакция на милый жест, сообщение или поступок.			native_review_required
course_s_5	course_s_5_l1	course_s_5_l1_o6__part_2	course_s_5_l1_o6	add	phrase	10	Ты со мной флиртуешь?	กำลังจีบผมอยู่เหรอครับ	gam-lang jìip phǒm yùu rǒe khráp	Только для лёгкого личного разговора.			native_review_required
course_s_5	course_s_5_l2	course_s_5_l2_o3	course_s_5_l2_o3	replace	phrase	3	Спасибо, что заботишься обо мне.	ขอบคุณที่ดูแลนะครับ	khɔ̀ɔp-khun thîi duu-lae ná khráp	Так благодарят за заботу или помощь.			native_review_required
course_s_5	course_s_5_l2	course_s_5_l2_o3__part_2	course_s_5_l2_o3	add	phrase	9	Мне это интересно.	เรื่องนี้น่าสนใจครับ	rʉ̂ang níi nâa-sǒn-jai khráp	Скажи, что тема или предложение тебе интересно.			native_review_required
course_s_5	course_s_5_l3	course_s_5_l3_o5	course_s_5_l3_o5	replace	phrase	5	Ты намекаешь?	กำลังพูดเป็นนัยอยู่เหรอครับ	gam-lang phûut bpen-nai yùu rǒe khráp	Уточни, говорит ли человек намёками.			native_review_required
course_s_5	course_s_5_l3	course_s_5_l3_o5__part_2	course_s_5_l3_o5	add	phrase	9	Тебе это интересно?	คุณสนใจเรื่องนี้ไหมครับ	khun sǒn-jai rʉ̂ang níi mái khráp	Уточни интерес собеседника к теме.			native_review_required
course_s_5	course_s_5_l6	course_s_5_l6_o6	course_s_5_l6_o6	replace	phrase	6	Береги себя.	ดูแลตัวเองนะครับ	duu-lae dtua-eeng ná khráp	Так заканчивают разговор с тёплым пожеланием.			native_review_required
course_s_5	course_s_5_l6	course_s_5_l6_o6__part_2	course_s_5_l6_o6	add	phrase	9	Давай обозначим границы.	เรามาตกลงเรื่องขอบเขตกันนะครับ	rao maa dtok-long rʉ̂ang khɔ̀ɔp-khèet gan ná khráp	Спокойно обозначь границы в личном разговоре.			native_review_required
course_s_6	course_s_6_l5	course_s_6_l5_o4	course_s_6_l5_o4	replace	phrase	4	Давай поиграем.	มาเล่นกันเถอะครับ	maa lên gan thòe khráp	Предложи совместную игру.			native_review_required
course_s_6	course_s_6_l5	course_s_6_l5_o4__part_2	course_s_6_l5_o4	add	phrase	9	Давай поедим.	ไปกินข้าวกันเถอะครับ	bpai gin khâao gan thòe khráp	Предложи вместе поесть.			native_review_required
course_s_6	course_s_6_l5	course_s_6_l5_o6	course_s_6_l5_o6	replace	phrase	6	Мы сейчас на пляже.	ตอนนี้เราอยู่ที่ชายหาดครับ	dtaawn-níi rao yùu thîi chaai-hàat khráp	Назови место, когда объясняешь, где вы находитесь.			native_review_required
course_s_6	course_s_6_l5	course_s_6_l5_o6__part_2	course_s_6_l5_o6	add	phrase	10	Мы сейчас в кафе.	ตอนนี้เราอยู่ที่คาเฟ่ครับ	dtaawn-níi rao yùu thîi kaa-fɛɛ khráp	Назови место встречи.			native_review_required
course_long_1	course_long_1_l4	course_long_1_l4_o5	course_long_1_l4_o5	replace	phrase	5	Передай это, пожалуйста.	ช่วยเอาไปให้หน่อยครับ	chûai ao bpai hâi nòi khráp	Попроси передать предмет другому человеку.			native_review_required
course_long_1	course_long_1_l4	course_long_1_l4_o5__part_2	course_long_1_l4_o5	add	phrase	9	Я скоро вернусь.	เดี๋ยวผมกลับมาครับ	dĭao phǒm glàp maa khráp	Скажи, что ненадолго уходишь и вернёшься.			native_review_required
course_long_1	course_long_1_l5	course_long_1_l5_o5	course_long_1_l5_o5	replace	phrase	5	Наличные?	เงินสดไหมครับ	ngoenttmaikhráp	Используй как короткую реплику; детали и объяснение держи отдельно.			native_review_required
course_long_1	course_long_1_l5	course_long_1_l5_o5__part_2	course_long_1_l5_o5	add	phrase	9	Картой?	บัตรได้ไหมครับ	batndaimaikhráp	Используй как короткую реплику; детали и объяснение держи отдельно.			native_review_required
course_long_2	course_long_2_l1	course_long_2_l1_o6	course_long_2_l1_o6	replace	phrase	6	Мне нужна виза.	ผมต้องการวีซ่าครับ	phǒm dtông-gaan wii-sǎa khráp	Объясни, что тебе нужна виза.			native_review_required
course_long_2	course_long_2_l1	course_long_2_l1_o6__part_2	course_long_2_l1_o6	add	phrase	9	Вот мои документы.	นี่คือเอกสารของผมครับ	nîi khʉʉ èek-gà-sǎan khɔ̌ɔng phǒm khráp	Передай документы сотруднику.			native_review_required
course_long_2	course_long_2_l1	course_long_2_l1_o7	course_long_2_l1_o7	replace	phrase	7	Рабочая виза?	วีซ่าทำงานไหมครับ	wisathamnganmaikhráp	Используй как короткую реплику; детали и объяснение держи отдельно.			native_review_required
course_long_2	course_long_2_l1	course_long_2_l1_o7__part_2	course_long_2_l1_o7	add	phrase	10	Пенсионная виза?	วีซ่าเกษียณไหมครับ	wisakesinmaikhráp	Используй как короткую реплику; детали и объяснение держи отдельно.			native_review_required
course_long_2	course_long_2_l4	course_long_2_l4_o3	course_long_2_l4_o3	replace	phrase	3	Когда зачислится?	เงินจะเข้าบัญชีเมื่อไหร่ครับ	ngoenchakhaobanchimuearaikhráp	Используй как короткую реплику; детали и объяснение держи отдельно.			native_review_required
course_long_3	course_long_3_l2	course_long_3_l2_o5	course_long_3_l2_o5	replace	phrase	5	Результаты когда?	ผลออกเมื่อไหร่ครับ	phonokmuearaikhráp	Используй как короткую реплику; детали и объяснение держи отдельно.			native_review_required
course_long_4	course_long_4_l4	course_long_4_l4_o3	course_long_4_l4_o3	replace	phrase	3	Машину угнали.	รถของผมถูกขโมยครับ	rót khɔ̌ɔng phǒm thùuk khà-mooi khráp	Сообщи полиции о краже автомобиля.			native_review_required
course_long_4	course_long_4_l4	course_long_4_l4_o3__part_2	course_long_4_l4_o3	add	phrase	9	Произошло ДТП.	เกิดอุบัติเหตุครับ	gə̀ət ù-bàt-tì-hèet khráp	Сообщи о дорожно-транспортном происшествии.			native_review_required
course_long_4	course_long_4_l6	course_long_4_l6_o7	course_long_4_l6_o7	replace	phrase	7	Я потерял ключи от машины.	ผมทำกุญแจรถหายครับ	phǒm tham gun-jae rót hǎai khráp	Сообщи, что потерял ключи от автомобиля.			native_review_required
course_long_4	course_long_4_l6	course_long_4_l6_o7__part_2	course_long_4_l6_o7	add	phrase	9	Я потерял ключи от дома.	ผมทำกุญแจบ้านหายครับ	phǒm tham gun-jae bâan hǎai khráp	Сообщи, что потерял ключи от дома.			native_review_required
course_long_5	course_long_5_l5	course_long_5_l5_o4	course_long_5_l5_o4	replace	phrase	4	Когда начинается собрание?	ประชุมเริ่มกี่โมงครับ	bprà-chum rə̂əm gìi moong khráp	Спроси время начала собрания.			native_review_required
course_long_6	course_long_6_l2	course_long_6_l2_o4	course_long_6_l2_o4	replace	phrase	4	Следующая прививка когда?	ฉีดวัคซีนครั้งต่อไปเมื่อไหร่ครับ	chitwaksinkhrangtopaimuearaikhráp	Используй как короткую реплику; детали и объяснение держи отдельно.			native_review_required
course_long_7	course_long_7_l3	course_long_7_l3_o4	course_long_7_l3_o4	replace	phrase	4	Я смотрю дорамы.	ผมดูละครเกาหลีครับ	phǒm duu lá-khɔɔn gào-lǐi khráp	Расскажи, что смотришь корейские дорамы.			native_review_required
course_long_7	course_long_7_l3	course_long_7_l3_o4__part_2	course_long_7_l3_o4	add	phrase	9	Я смотрю сериал.	ผมดูซีรีส์ครับ	phǒm duu sii-rîit khráp	Расскажи, что смотришь сериал.			native_review_required
course_l_2	course_l_2_l1	NEW_course_l_2_l1_01	NEW_course_l_2_l1_01	add	phrase	10	В аэропорт	ไปสนามบิน	paisanambin	В аэропорт. Чётко и по делу.			native_review_required
course_l_2	course_l_2_l1	NEW_course_l_2_l1_02	NEW_course_l_2_l1_02	add	phrase	11	В центр	เข้าเมือง	khaomueang	Используй как короткую реплику; детали и объяснение держи отдельно.			native_review_required
course_l_2	course_l_2_l1	NEW_course_l_2_l1_03	NEW_course_l_2_l1_03	add	phrase	12	По этому адресу	ไปตามที่อยู่นี้	paitamthiyuni	Используй как короткую реплику; детали и объяснение держи отдельно.			native_review_required
course_l_2	course_l_2_l1	NEW_course_l_2_l1_04	NEW_course_l_2_l1_04	add	phrase	13	Остановите здесь	จอดตรงนี้	chottrangani	Останови здесь. Палец + фраза.			native_review_required
course_l_2	course_l_2_l1	NEW_course_l_2_l1_05	NEW_course_l_2_l1_05	add	phrase	14	Сколько стоит поездка?	ค่าโดยสารเท่าไหร่ครับ	khadoisanthaoraikhrap	Спроси цену услуги.			native_review_required
course_l_2	course_l_2_l1	NEW_course_l_2_l1_06	NEW_course_l_2_l1_06	add	phrase	15	Картой можно?	จ่ายบัตรได้ไหมครับ	chaibatndaimaikhrap	Уточни способ оплаты.			native_review_required
course_l_2	course_l_2_l1	NEW_course_l_2_l1_07	NEW_course_l_2_l1_07	add	phrase	16	Это не мой адрес	ไม่ใช่ที่อยู่ของผม	maichaithiyukhongphom chan	Используй как короткую реплику; детали и объяснение держи отдельно.			native_review_required
course_l_2	course_l_2_l1	NEW_course_l_2_l1_08	NEW_course_l_2_l1_08	add	phrase	17	Сдачи не надо	ไม่ต้องทอนครับ	mataingthonkhráp	Используй как короткую реплику; детали и объяснение держи отдельно.			native_review_required
course_l_5	course_l_5_l1	NEW_course_l_5_l1_01	NEW_course_l_5_l1_01	add	phrase	9	Мне нужен врач	ต้องการพบหมอครับ	tongkanaphopmokhráp	Используй как короткую реплику; детали и объяснение держи отдельно.			native_review_required
course_l_5	course_l_5_l1	NEW_course_l_5_l1_02	NEW_course_l_5_l1_02	add	phrase	10	У меня болит здесь	เจ็บตรงนี้ครับ	cheptranganikhráp	Используй как короткую реплику; детали и объяснение держи отдельно.			native_review_required
course_l_5	course_l_5_l1	NEW_course_l_5_l1_03	NEW_course_l_5_l1_03	add	phrase	11	Очень больно	เจ็บมากครับ	chepmakkhráp	Используй как короткую реплику; детали и объяснение держи отдельно.			native_review_required
course_l_5	course_l_5_l1	NEW_course_l_5_l1_04	NEW_course_l_5_l1_04	add	phrase	12	Позовите медсестру, пожалуйста	ช่วยเรียกพยาบาลหน่อยครับ	chuairiakphayabannoikhrap	Используй как короткую реплику; детали и объяснение держи отдельно.			native_review_required
course_l_5	course_l_5_l1	NEW_course_l_5_l1_05	NEW_course_l_5_l1_05	add	phrase	13	Что делать?	ต้องทำอย่างไรครับ	tongthamyangraikhráp	Используй как короткую реплику; детали и объяснение держи отдельно.			native_review_required
course_l_5	course_l_5_l1	NEW_course_l_5_l1_06	NEW_course_l_5_l1_06	add	phrase	14	Я не понимаю	ไม่เข้าใจครับ	maikhaochaikhrap	Честно обозначь, что не понял.			native_review_required
course_l_5	course_l_5_l1	NEW_course_l_5_l1_07	NEW_course_l_5_l1_07	add	phrase	15	У меня аллергия	ผมแพ้ครับ	phom chanphaekhráp	Используй как короткую реплику; детали и объяснение держи отдельно.			native_review_required
course_l_5	course_l_5_l1	NEW_course_l_5_l1_08	NEW_course_l_5_l1_08	add	phrase	16	Мне лучше	ดีขึ้นแล้วครับ	dikhuenlaeokhráp	Используй как короткую реплику; детали и объяснение держи отдельно.			native_review_required
course_l_8	course_l_8_l1	NEW_course_l_8_l1_01	NEW_course_l_8_l1_01	add	phrase	10	Есть такой?	มีอันนี้ไหมครับ	miannimaikhráp	Используй как короткую реплику; детали и объяснение держи отдельно.			native_review_required
course_l_8	course_l_8_l1	NEW_course_l_8_l1_02	NEW_course_l_8_l1_02	add	phrase	11	Этого нет?	ไม่มีอันนี้เหรอครับ	maimiannierokhráp	Используй как короткую реплику; детали и объяснение держи отдельно.			native_review_required
course_l_8	course_l_8_l1	NEW_course_l_8_l1_03	NEW_course_l_8_l1_03	add	phrase	12	Есть другой?	มีอย่างอื่นไหมครับ	miyanguenmaikhráp	Используй как короткую реплику; детали и объяснение держи отдельно.			native_review_required
course_l_8	course_l_8_l1	NEW_course_l_8_l1_04	NEW_course_l_8_l1_04	add	phrase	13	Сколько стоит в магазине?	ราคาที่ร้านเท่าไหร่ครับ	rakhathiranthaoraikhrap	Используй как короткую реплику; детали и объяснение держи отдельно.			native_review_required
course_l_8	course_l_8_l1	NEW_course_l_8_l1_05	NEW_course_l_8_l1_05	add	phrase	14	На кассе другая цена	ราคาที่แคชเชียร์ไม่ตรงครับ	rakhathikhaetchiamaitrongkhráp	Используй как короткую реплику; детали и объяснение держи отдельно.			native_review_required
course_l_8	course_l_8_l1	NEW_course_l_8_l1_06	NEW_course_l_8_l1_06	add	phrase	15	Это не тот товар	ไม่ใช่อันนี้ครับ	maichaiannikhráp	Используй как короткую реплику; детали и объяснение держи отдельно.			native_review_required
course_l_8	course_l_8_l1	NEW_course_l_8_l1_07	NEW_course_l_8_l1_07	add	phrase	16	Можно обменять?	เปลี่ยนได้ไหมครับ	pelindaimaikhrap	Главная фраза урока: попросить замену.			native_review_required
course_l_8	course_l_8_l1	NEW_course_l_8_l1_08	NEW_course_l_8_l1_08	add	phrase	17	Пакет, пожалуйста	ขอถุงหน่อยครับ	khothungnoikhráp	Используй как короткую реплику; детали и объяснение держи отдельно.			native_review_required
course_l_9	course_l_9_l1	NEW_course_l_9_l1_01	NEW_course_l_9_l1_01	add	phrase	10	Помогите!	ช่วยด้วยครับ	chuaiduaikhráp	Используй как короткую реплику; детали и объяснение держи отдельно.			native_review_required
course_l_9	course_l_9_l1	NEW_course_l_9_l1_02	NEW_course_l_9_l1_02	add	phrase	11	Позвоните в полицию	โทรหาตำรวจให้หน่อยครับ	thonhatamruathainoikhráp	Используй как короткую реплику; детали и объяснение держи отдельно.			native_review_required
course_l_9	course_l_9_l1	NEW_course_l_9_l1_03	NEW_course_l_9_l1_03	add	phrase	12	Вызовите скорую	เรียกรถพยาบาลให้หน่อยครับ	riakrathaphayabanhainoikhráp	Используй как короткую реплику; детали и объяснение держи отдельно.			native_review_required
course_l_9	course_l_9_l1	NEW_course_l_9_l1_04	NEW_course_l_9_l1_04	add	phrase	13	Я здесь	ฉันอยู่ที่นี่ครับ	chanyuthinikhráp	Используй как короткую реплику; детали и объяснение держи отдельно.			native_review_required
course_l_9	course_l_9_l1	NEW_course_l_9_l1_05	NEW_course_l_9_l1_05	add	phrase	14	Вот адрес	นี่คือที่อยู่ครับ	nikhuethiyukhráp	Используй как короткую реплику; детали и объяснение держи отдельно.			native_review_required
course_l_9	course_l_9_l1	NEW_course_l_9_l1_06	NEW_course_l_9_l1_06	add	phrase	15	Опасно	อันตรายครับ	antraikhráp	Используй как короткую реплику; детали и объяснение держи отдельно.			native_review_required
course_l_9	course_l_9_l1	NEW_course_l_9_l1_07	NEW_course_l_9_l1_07	add	phrase	16	Не трогайте	อย่าแตะครับ	yataekhráp	Используй как короткую реплику; детали и объяснение держи отдельно.			native_review_required
course_l_9	course_l_9_l1	NEW_course_l_9_l1_08	NEW_course_l_9_l1_08	add	phrase	17	Я не знаю	ไม่ทราบครับ	maithrapkhráp	Используй как короткую реплику; детали и объяснение держи отдельно.			native_review_required
course_long_4	course_long_4_l1	NEW_course_long_4_wave2_01	NEW_course_long_4_wave2_01	add	phrase	9	Где арендовать?	เช่าที่ไหนครับ	chaothinaikhráp	Ask for the rental point before discussing price or documents.			native_review_required
course_long_4	course_long_4_l1	NEW_course_long_4_wave2_02	NEW_course_long_4_wave2_02	add	phrase	10	На сколько дней?	กี่วันครับ	kiwankhráp	Keep duration separate from deposit and insurance.			native_review_required
course_long_4	course_long_4_l1	NEW_course_long_4_wave2_03	NEW_course_long_4_wave2_03	add	phrase	11	Какие документы нужны?	ต้องใช้เอกสารอะไรครับ	tongchaieksanaraikhráp	Ask what is required; do not guess legal eligibility.			native_review_required
course_long_4	course_long_4_l1	NEW_course_long_4_wave2_04	NEW_course_long_4_wave2_04	add	phrase	12	Шлем есть?	มีหมวกกันน็อกไหมครับ	mimuakkannkmaikhrap	Check safety equipment before taking the vehicle.			native_review_required
course_long_4	course_long_4_l1	NEW_course_long_4_wave2_05	NEW_course_long_4_wave2_05	add	phrase	13	Здесь уже царапина	ตรงนี้มีรอยอยู่แล้วครับ	tranganimiroiyulaeokhráp	Point to existing damage and take a photo.			native_review_required
course_long_4	course_long_4_l1	NEW_course_long_4_wave2_06	NEW_course_long_4_wave2_06	add	phrase	14	Байк не едет	รถสตาร์ตไม่ติดครับ	rotsatatmaititkhráp	Report the failure directly; do not diagnose.			native_review_required
course_long_4	course_long_4_l1	NEW_course_long_4_wave2_07	NEW_course_long_4_wave2_07	add	phrase	15	Я попал в аварию	ผมเกิดอุบัติเหตุครับ	phom chankoetubatihetukhráp	Use only as a first signal; safety and emergency flow follows.			native_review_required
course_long_4	course_long_4_l1	NEW_course_long_4_wave2_08	NEW_course_long_4_wave2_08	add	phrase	16	Ключ не работает	กุญแจใช้ไม่ได้ครับ	kunchaechaimaidaikhráp	Short problem report at return or pickup.			native_review_required
course_long_2	course_long_2_l1	NEW_course_long_2_wave2_01	NEW_course_long_2_wave2_01	add	phrase	11	Мне нужен счёт	ต้องการเปิดบัญชีครับ	tongkanpoetbanchikhráp	Ask for the service first; eligibility is a separate question.			native_review_required
course_long_2	course_long_2_l1	NEW_course_long_2_wave2_02	NEW_course_long_2_wave2_02	add	phrase	12	Какая комиссия?	ค่าธรรมเนียมเท่าไหร่ครับ	khatamniamthaoraikhráp	Ask before confirming a transfer.			native_review_required
course_long_2	course_long_2_l1	NEW_course_long_2_wave2_03	NEW_course_long_2_wave2_03	add	phrase	13	Хочу перевести деньги	ต้องการโอนเงินครับ	tongkanonngoenkhráp	One action; amount and recipient come separately.			native_review_required
course_long_2	course_long_2_l1	NEW_course_long_2_wave2_04	NEW_course_long_2_wave2_04	add	phrase	14	Где банкомат?	ตู้เอทีเอ็มอยู่ที่ไหนครับ	tuethiemyuthinaikhráp	Use for location, not for banking advice.			native_review_required
course_long_2	course_long_2_l1	NEW_course_long_2_wave2_05	NEW_course_long_2_wave2_05	add	phrase	15	Перевод не прошёл	โอนไม่สำเร็จครับ	onmaisamretkhráp	State the failure before showing the screen.			native_review_required
course_long_2	course_long_2_l1	NEW_course_long_2_wave2_06	NEW_course_long_2_wave2_06	add	phrase	16	Сумма неправильная	จำนวนเงินไม่ถูกต้องครับ	chamnuanngoenmaithuktongkhráp	Separate wrong amount from wrong recipient.			native_review_required
course_long_2	course_long_2_l1	NEW_course_long_2_wave2_07	NEW_course_long_2_wave2_07	add	phrase	17	Карта не работает	บัตรใช้ไม่ได้ครับ	batnchaimaidaikhráp	Ask staff for the next step; avoid guessing the cause.			native_review_required
course_long_2	course_long_2_l1	NEW_course_long_2_wave2_08	NEW_course_long_2_wave2_08	add	phrase	18	Проверьте, пожалуйста	ช่วยตรวจสอบให้หน่อยครับ	chuaitruatsophainoikhráp	Close the interaction after showing the transaction.			native_review_required
course_long_3	course_long_3_l1	NEW_course_long_3_wave2_01	NEW_course_long_3_wave2_01	add	phrase	9	Мне нужна запись к врачу	ขอนัดพบแพทย์ครับ	khonatppphaetkhrap	Start with the appointment action.			native_review_required
course_long_3	course_long_3_l1	NEW_course_long_3_wave2_02	NEW_course_long_3_wave2_02	add	phrase	10	Результат готов?	ผลออกหรือยังครับ	phonokrueyangkhráp	Ask about status, not diagnosis.			native_review_required
course_long_3	course_long_3_l1	NEW_course_long_3_wave2_03	NEW_course_long_3_wave2_03	add	phrase	11	Это покрывает страховка?	ประกันครอบคลุมไหมครับ	prakankhropklummaikhráp	Coverage rules must remain a note, not a promise.			native_review_required
course_long_3	course_long_3_l1	NEW_course_long_3_wave2_04	NEW_course_long_3_wave2_04	add	phrase	12	Сначала платить?	ต้องจ่ายก่อนหรือครับ	tongchaikonruekhráp	Ask the payment sequence before treatment.			native_review_required
course_long_3	course_long_3_l1	NEW_course_long_3_wave2_05	NEW_course_long_3_wave2_05	add	phrase	13	Это лекарство?	นี่คือยาหรือครับ	nikhueyaruekhráp	Confirm the object; dosage is a separate card and QA topic.			native_review_required
course_long_3	course_long_3_l1	NEW_course_long_3_wave2_06	NEW_course_long_3_wave2_06	add	phrase	14	У меня аллергия на это	ผมแพ้สิ่งนี้ครับ	phom chanphaesingnikhráp	Name the allergen separately when possible.			native_review_required
course_long_3	course_long_3_l1	NEW_course_long_3_wave2_07	NEW_course_long_3_wave2_07	add	phrase	15	Это не мой результат	นี่ไม่ใช่ผลของผมครับ	nimaichaiphonkhongphom chankhráp	Report a mismatch before asking for correction.			native_review_required
course_long_3	course_long_3_l1	NEW_course_long_3_wave2_08	NEW_course_long_3_wave2_08	add	phrase	16	Что дальше?	ต่อไปทำอะไรครับ	topaithamaraikhráp	Ask for one next action only.			native_review_required
course_e_2	course_e_2_l1	NEW_course_e_2_wave2_01	NEW_course_e_2_wave2_01	add	phrase	9	Помогите проверить	ช่วยตรวจให้หน่อยครับ	chuaitruathainoikhrap	General workplace help request; task follows separately.			native_review_required
course_e_2	course_e_2_l1	NEW_course_e_2_wave2_02	NEW_course_e_2_wave2_02	add	phrase	10	Когда будет готова задача?	งานจะเสร็จเมื่อไหร่ครับ	nganchasertmuearaikhrap	Ask about one deliverable.			native_review_required
course_e_2	course_e_2_l1	NEW_course_e_2_wave2_03	NEW_course_e_2_wave2_03	add	phrase	11	Ещё не готово	ยังไม่เสร็จครับ	yangmaisertkhrap	State status without blame.			native_review_required
course_e_2	course_e_2_l1	NEW_course_e_2_wave2_04	NEW_course_e_2_wave2_04	add	phrase	12	Можно по-другому?	ทำแบบอื่นได้ไหมครับ	thambaepuendaimaikhráp	Ask for an alternative instead of arguing.			native_review_required
course_e_2	course_e_2_l1	NEW_course_e_2_wave2_05	NEW_course_e_2_wave2_05	add	phrase	13	Что нужно сделать?	ต้องทำอะไรครับ	tongthamaraikhrap	Request the next action.			native_review_required
course_e_2	course_e_2_l1	NEW_course_e_2_wave2_06	NEW_course_e_2_wave2_06	add	phrase	14	Напомню позже	เดี๋ยวผมเตือนอีกครั้งครับ	diaophom chantueanikkrangkhráp	Keep reminders short and non-accusatory.			native_review_required
course_e_2	course_e_2_l1	NEW_course_e_2_wave2_07	NEW_course_e_2_wave2_07	add	phrase	15	Это не тот файл	นี่ไม่ใช่ไฟล์ที่ต้องการครับ	nimaichaifaithitongkankhrap	Correct the object before explaining the entire history.			native_review_required
course_e_2	course_e_2_l1	NEW_course_e_2_wave2_08	NEW_course_e_2_wave2_08	add	phrase	16	Понял	เข้าใจแล้วครับ	khaochailaewkhráp	Коротко подтвердить, что понял задачу.			native_review_required
course_e_2	course_e_2_l1	NEW_course_e_2_wave2_08__part_2	NEW_course_e_2_wave2_08	add	phrase	17	Я понял.	เข้าใจแล้วครับ	khâo-jai láeo khráp	Подтверди, что понял инструкцию.			native_review_required
course_s_1	course_s_1_l1	NEW_course_s_1_wave2_01	NEW_course_s_1_wave2_01	add	phrase	9	Опубликовать сейчас?	โพสต์ตอนนี้ไหมครับ	phottonnimaikhráp	Separate posting from caption editing.			native_review_required
course_s_1	course_s_1_l1	NEW_course_s_1_wave2_02	NEW_course_s_1_wave2_02	add	phrase	10	Как подписать?	เขียนแคปชันว่าอะไรดีครับ	khiankhaepchanwaaraidikhráp	Ask for a caption idea, not a full strategy lesson.			native_review_required
course_s_1	course_s_1_l1	NEW_course_s_1_wave2_03	NEW_course_s_1_wave2_03	add	phrase	11	Спасибо за комментарий	ขอบคุณสำหรับคอมเมนต์ครับ	khopkhunsamrapkhommenkhráp	Simple public reply.			native_review_required
course_s_1	course_s_1_l1	NEW_course_s_1_wave2_04	NEW_course_s_1_wave2_04	add	phrase	12	Отвечу позже	เดี๋ยวตอบทีหลังครับ	diaotopthilangkhráp	Useful when a reply needs time.			native_review_required
course_s_1	course_s_1_l1	NEW_course_s_1_wave2_05	NEW_course_s_1_wave2_05	add	phrase	13	Это не тот пост	ไม่ใช่โพสต์นี้ครับ	maichaiphotnikhráp	Repair a posting mistake with one clear phrase.			native_review_required
course_s_1	course_s_1_l1	NEW_course_s_1_wave2_06	NEW_course_s_1_wave2_06	add	phrase	14	Удалить пост?	ลบโพสต์ไหมครับ	lopphotmaikhráp	Confirm before deleting; platform action is separate.			native_review_required
course_s_1	course_s_1_l1	NEW_course_s_1_wave2_07	NEW_course_s_1_wave2_07	add	phrase	15	Я не могу войти в приложение	เข้าแอปไม่ได้ครับ	khaoaepmaidaikhrap	State access failure before troubleshooting.			native_review_required
course_s_1	course_s_1_l1	NEW_course_s_1_wave2_08	NEW_course_s_1_wave2_08	add	phrase	16	Не отмечайте меня	ไม่ต้องแท็กผมครับ	mataingthaekaphomkhrap	Practical consent или boundary phrase for social content.			native_review_required
course_l_3	course_l_3_l1	NEW_course_l_3_remaining_01	NEW_course_l_3_remaining_01	add	phrase	10	Сколько стоит этот товар?	ของชิ้นนี้ราคาเท่าไหร่ครับ	khongchinnirakhathaoraikhrap	Ask price before bargaining.			native_review_required
course_l_3	course_l_3_l1	NEW_course_l_3_remaining_02	NEW_course_l_3_remaining_02	add	phrase	11	Скидка будет?	ลดได้ไหมครับ	lotdaimaikhráp	Bargaining belongs here, not Shop.			native_review_required
course_l_3	course_l_3_l1	NEW_course_l_3_remaining_03	NEW_course_l_3_remaining_03	add	phrase	12	Дайте два	เอาสองอันครับ	aosongankhráp	Quantity is separate from price.			native_review_required
course_l_3	course_l_3_l1	NEW_course_l_3_remaining_04	NEW_course_l_3_remaining_04	add	phrase	13	На кассе другая сумма.	ยอดเงินที่แคชเชียร์ไม่ตรงครับ	yɔ̂ɔt ngoen thîi khaet-chîa mâi dtrong khráp	Сообщи, что итоговая сумма на кассе неверна.			native_review_required
course_l_4	course_l_4_l1	NEW_course_l_4_remaining_01	NEW_course_l_4_remaining_01	add	phrase	11	Это блюдо, пожалуйста	เอาจานนี้ครับ	aochannikhráp	Point to the dish; keep the request short.			native_review_required
course_l_4	course_l_4_l1	NEW_course_l_4_remaining_02	NEW_course_l_4_remaining_02	add	phrase	12	Не остро	ไม่เผ็ดครับ	maiphetkhráp	Say before cooking starts.			native_review_required
course_l_4	course_l_4_l1	NEW_course_l_4_remaining_03	NEW_course_l_4_remaining_03	add	phrase	13	Не хватает этого	ขาดอันนี้ครับ	khatannikhráp	Use for a missing dish or addition.			native_review_required
course_l_4	course_l_4_l1	NEW_course_l_4_remaining_04	NEW_course_l_4_remaining_04	add	phrase	14	Это не мой заказ	ไม่ใช่ออเดอร์ของผมครับ	maichaiodoekhongphom chankhráp	Correct the order before explaining.			native_review_required
course_l_6	course_l_6_l1	NEW_course_l_6_remaining_01	NEW_course_l_6_remaining_01	add	phrase	10	Нужно починить	ต้องซ่อมครับ	tongsomkhráp	Start the repair request; object follows separately.			native_review_required
course_l_6	course_l_6_l1	NEW_course_l_6_remaining_02	NEW_course_l_6_remaining_02	add	phrase	11	Я не могу войти в номер	เข้าห้องไม่ได้ครับ	khaoongmaidaikhrap	State access failure before troubleshooting.			native_review_required
course_l_6	course_l_6_l1	NEW_course_l_6_remaining_03	NEW_course_l_6_remaining_03	add	phrase	12	Ещё не починили	ยังไม่ซ่อมครับ	yangmaisomkhráp	Neutral status report.			native_review_required
course_l_6	course_l_6_l1	NEW_course_l_6_remaining_04	NEW_course_l_6_remaining_04	add	phrase	13	Позвоните мне по этому номеру.	โทรหาผมตามเบอร์นี้ด้วยครับ	thoo hǎa phǒm dtaam bəə níi dûai khráp	Оставь номер для связи.			native_review_required
course_l_7	course_l_7_l1	NEW_course_l_7_remaining_01	NEW_course_l_7_remaining_01	add	phrase	9	Где пляж?	ชายหาดอยู่ที่ไหนครับ	chaihatyuthinaikhráp	Location question only.			native_review_required
course_l_7	course_l_7_l1	NEW_course_l_7_remaining_02	NEW_course_l_7_remaining_02	add	phrase	10	Здесь безопасно?	ที่นี่ปลอดภัยไหมครับ	thiniplotphaimaikhráp	Ask before entering water or leaving belongings.			native_review_required
course_l_7	course_l_7_l1	NEW_course_l_7_remaining_03	NEW_course_l_7_remaining_03	add	phrase	11	Можно взять маску?	ขอยืมหน้ากากได้ไหมครับ	khoimnakakdaimaikhrap	Rental или use request; payment is separate.			native_review_required
course_l_7	course_l_7_l1	NEW_course_l_7_remaining_04	NEW_course_l_7_remaining_04	add	phrase	12	Волны сильные	คลื่นแรงครับ	khluenraengkhráp	Short warning; leave if needed.			native_review_required
course_l_10	course_l_10_l1	NEW_course_l_10_remaining_01	NEW_course_l_10_remaining_01	add	phrase	11	Хочу записаться на занятия	อยากสมัครเรียนครับ	yaksamakaiankhrap	Start with the action; schedule follows.			native_review_required
course_l_10	course_l_10_l1	NEW_course_l_10_remaining_02	NEW_course_l_10_remaining_02	add	phrase	12	Когда занятия?	เรียนเมื่อไหร่ครับ	rianmuearaikhráp	Ask schedule, not course quality.			native_review_required
course_l_10	course_l_10_l1	NEW_course_l_10_remaining_03	NEW_course_l_10_remaining_03	add	phrase	13	Перенести на завтра?	เลื่อนไปพรุ่งนี้ได้ไหมครับ	lueanpaiphrungnidaimaikhráp	One date change per card.			native_review_required
course_l_10	course_l_10_l1	NEW_course_l_10_remaining_04	NEW_course_l_10_remaining_04	add	phrase	14	Где материалы?	เอกสารอยู่ที่ไหนครับ	eksanyuthinaikhráp	Ask for the learning material directly.			native_review_required
course_l_11	course_l_11_l1	NEW_course_l_11_remaining_01	NEW_course_l_11_remaining_01	add	phrase	10	Фестиваль в какой день?	เทศกาลจัดวันไหนครับ	thêet-sà-gaan jàt wan nǎi khráp	Спроси, в какой день проходит фестиваль.			native_review_required
course_l_11	course_l_11_l1	NEW_course_l_11_remaining_02	NEW_course_l_11_remaining_02	add	phrase	11	Можно присоединиться?	เข้าร่วมได้ไหมครับ	khaoruamdaimaikhráp	Ask before joining a local activity.			native_review_required
course_l_11	course_l_11_l1	NEW_course_l_11_remaining_03	NEW_course_l_11_remaining_03	add	phrase	12	Можно фотографировать?	ถ่ายรูปได้ไหมครับ	thairupdaimaikhráp	Ask before taking photos.			native_review_required
course_l_11	course_l_11_l1	NEW_course_l_11_remaining_04	NEW_course_l_11_remaining_04	add	phrase	13	Я пойду	ผมไปก่อนนะครับ	phom chanpaikonnakhráp	Polite short exit.			native_review_required
course_l_12	course_l_12_l1	NEW_course_l_12_remaining_01	NEW_course_l_12_remaining_01	add	phrase	10	Я имею в виду…	หมายถึง…ครับ	maithueng…khráp	Repair meaning without a long explanation.			native_review_required
course_l_12	course_l_12_l1	NEW_course_l_12_remaining_02	NEW_course_l_12_remaining_02	add	phrase	11	Не так	ไม่ใช่แบบนั้นครับ	maichaibaepnankhráp	Correct the interpretation first.			native_review_required
course_l_12	course_l_12_l1	NEW_course_l_12_remaining_03	NEW_course_l_12_remaining_03	add	phrase	12	Оплата не прошла	จ่ายไม่สำเร็จครับ	chaimaisamretkhráp	State failure before retrying.			native_review_required
course_l_12	course_l_12_l1	NEW_course_l_12_remaining_04	NEW_course_l_12_remaining_04	add	phrase	13	Так правильно?	แบบนี้ถูกไหมครับ	baepnithukmaikhráp	Confirm one interpretation.			native_review_required
course_l_13	course_l_13_l1	NEW_course_l_13_remaining_01	NEW_course_l_13_remaining_01	add	phrase	9	Хочу записаться к мастеру	อยากนัดช่างครับ	yaknatchangkhrap	Appointment action only.			native_review_required
course_l_13	course_l_13_l1	NEW_course_l_13_remaining_02	NEW_course_l_13_remaining_02	add	phrase	10	Когда заказ будет у вас?	ออเดอร์จะถึงคุณเมื่อไหร่ครับ	ɔɔ-də̂ə jà thʉ̌ng khun mûea-rài khráp	Спроси, когда заказ прибудет к получателю.			native_review_required
course_l_13	course_l_13_l1	NEW_course_l_13_remaining_03	NEW_course_l_13_remaining_03	add	phrase	11	Когда закончите?	จะเสร็จเมื่อไหร่ครับ	chasertmuearaikhrap	Ask completion status.			native_review_required
course_l_13	course_l_13_l1	NEW_course_l_13_remaining_04	NEW_course_l_13_remaining_04	add	phrase	12	Это не та деталь	นี่ไม่ใช่อะไหล่ที่ต้องการครับ	nimaichaialaithitongkankhrap	Point to the mismatch.			native_review_required
course_l_14	course_l_14_l1	NEW_course_l_14_remaining_01	NEW_course_l_14_remaining_01	add	phrase	10	Где заказ?	ออเดอร์อยู่ที่ไหนครับ	odoeyuthinaikhráp	Ask status before blaming the courier.			native_review_required
course_l_14	course_l_14_l1	NEW_course_l_14_remaining_02	NEW_course_l_14_remaining_02	add	phrase	11	Когда привезут?	จะมาส่งเมื่อไหร่ครับ	chamasongmuearaikhráp	Delivery time only.			native_review_required
course_l_14	course_l_14_l1	NEW_course_l_14_remaining_03	NEW_course_l_14_remaining_03	add	phrase	12	Товар не тот	ของไม่ใช่อันนี้ครับ	khongmaichaiannikhráp	Keep wrong item separate from refund.			native_review_required
course_l_14	course_l_14_l1	NEW_course_l_14_remaining_04	NEW_course_l_14_remaining_04	add	phrase	13	Не хватает одного	ขาดไปหนึ่งชิ้นครับ	khatpainuengchinkhráp	Count the missing item.			native_review_required
course_l_15	course_l_15_l1	NEW_course_l_15_remaining_01	NEW_course_l_15_remaining_01	add	phrase	10	Счёт, пожалуйста	เช็กบิลด้วยครับ	chekbinduaikhráp	Hospitality bill owner; not generic finance.			native_review_required
course_l_15	course_l_15_l1	NEW_course_l_15_remaining_02	NEW_course_l_15_remaining_02	add	phrase	11	У меня есть купон	มีคูปองครับ	mikhupongkhráp	Show the coupon after stating it.			native_review_required
course_l_15	course_l_15_l1	NEW_course_l_15_remaining_03	NEW_course_l_15_remaining_03	add	phrase	12	У меня есть карта участника	ผมมีบัตรสมาชิกครับ	phom mi bat samachik khráp	Покажи карту участника до оплаты, чтобы применили скидку или бонус.			native_review_required
course_l_15	course_l_15_l1	NEW_course_l_15_remaining_04	NEW_course_l_15_remaining_04	add	phrase	13	Мне не нужна скидка.	ผมไม่รับส่วนลดครับ	phǒm mâi ráp sùan-lót khráp	Откажись от скидки или дополнительного предложения.			native_review_required
course_e_1	course_e_1_l1	NEW_course_e_1_remaining_01	NEW_course_e_1_remaining_01	add	phrase	10	Ещё раз, пожалуйста	ขออีกครั้งครับ	khoikkrangkhráp	Canonical repair phrase.			native_review_required
course_e_1	course_e_1_l1	NEW_course_e_1_remaining_02	NEW_course_e_1_remaining_02	add	phrase	11	Медленнее, пожалуйста	พูดช้าลงหน่อยครับ	phutchalongnoikhráp	Use before asking another question.			native_review_required
course_e_1	course_e_1_l1	NEW_course_e_1_remaining_03	NEW_course_e_1_remaining_03	add	phrase	12	Я понял	เข้าใจแล้วครับ	khaochailaeokhrap	Confirm understanding.			native_review_required
course_e_1	course_e_1_l1	NEW_course_e_1_remaining_04	NEW_course_e_1_remaining_04	add	phrase	13	Я не понял	ไม่เข้าใจครับ	maikhaochaikhrap	Repair phrase, not a complaint.			native_review_required
course_e_4	course_e_4_l1	NEW_course_e_4_remaining_01	NEW_course_e_4_remaining_01	add	phrase	10	Извините	ขอโทษครับ	khothotkhrap	Keep apology separate from explanation.			native_review_required
course_e_4	course_e_4_l1	NEW_course_e_4_remaining_02	NEW_course_e_4_remaining_02	add	phrase	11	Давайте спокойно	ค่อยๆคุยกันครับ	khoikhuikankhráp	De-escalate before solving.			native_review_required
course_e_4	course_e_4_l1	NEW_course_e_4_remaining_03	NEW_course_e_4_remaining_03	add	phrase	12	Что случилось?	เกิดอะไรขึ้นครับ	koetaraikhuenkhráp	Ask for facts, not blame.			native_review_required
course_e_4	course_e_4_l1	NEW_course_e_4_remaining_04	NEW_course_e_4_remaining_04	add	phrase	13	Я вернусь позже	เดี๋ยวกลับมาคุยทีหลังครับ	diaoklapmakhuithilangkhráp	Safe pause when discussion escalates.			native_review_required
course_e_5	course_e_5_l1	NEW_course_e_5_remaining_01	NEW_course_e_5_remaining_01	add	phrase	7	Всё хорошо?	ทุกอย่างโอเคไหมครับ	thukoingokhemaikhrap	Check the situation directly.			native_review_required
course_e_5	course_e_5_l1	NEW_course_e_5_remaining_02	NEW_course_e_5_remaining_02	add	phrase	8	Не надо	ไม่ต้องครับ	mataingkhráp	Short boundary; context stays in note.			native_review_required
course_e_5	course_e_5_l1	NEW_course_e_5_remaining_03	NEW_course_e_5_remaining_03	add	phrase	9	Хорошо	ได้ครับ	daikhrap	Confirm a simple agreement.			native_review_required
course_e_5	course_e_5_l1	NEW_course_e_5_remaining_04	NEW_course_e_5_remaining_04	add	phrase	10	Всё хорошо	ทุกอย่างโอเคครับ	thukoingokhekhrap	Close a minor misunderstanding.			native_review_required
course_e_6	course_e_6_l1	NEW_course_e_6_remaining_01	NEW_course_e_6_remaining_01	add	phrase	10	Где анкета?	แบบฟอร์มอยู่ที่ไหนครับ	baepfomyuthinaikhráp	Ask location before filling.			native_review_required
course_e_6	course_e_6_l1	NEW_course_e_6_remaining_02	NEW_course_e_6_remaining_02	add	phrase	11	Вот мой паспорт	นี่คือพาสปอร์ตของผมครับ	nikhuephatpotkhongphom chankhráp	Hand over one document at a time.			native_review_required
course_e_6	course_e_6_l1	NEW_course_e_6_remaining_03	NEW_course_e_6_remaining_03	add	phrase	12	Сколько платить?	ต้องจ่ายเท่าไหร่ครับ	tongchaithaoraikhráp	Ask fee before payment.			native_review_required
course_e_6	course_e_6_l1	NEW_course_e_6_remaining_04	NEW_course_e_6_remaining_04	add	phrase	13	Когда срок?	หมดเขตเมื่อไหร่ครับ	madakhetmuearaikhráp	Ask deadline, not legal advice.			native_review_required
course_s_2	course_s_2_l1	NEW_course_s_2_remaining_01	NEW_course_s_2_remaining_01	add	phrase	10	Пойдёшь со мной?	ไปด้วยกันไหมครับ	paiduaikanmaikhráp	Light invitation only.			native_review_required
course_s_2	course_s_2_l1	NEW_course_s_2_remaining_02	NEW_course_s_2_remaining_02	add	phrase	11	Можно с вами?	ขอไปด้วยได้ไหมครับ	khopaiduaidaimaikhráp	Ask to join an activity.			native_review_required
course_s_2	course_s_2_l1	NEW_course_s_2_remaining_03	NEW_course_s_2_remaining_03	add	phrase	12	В другой раз	ไว้ครั้งหน้านะครับ	waikhrangnanakhráp	Soft decline without excuse.			native_review_required
course_s_2	course_s_2_l1	NEW_course_s_2_remaining_04	NEW_course_s_2_remaining_04	add	phrase	13	Во сколько?	กี่โมงครับ	kimongkhráp	Time question stays contextual.			native_review_required
course_s_3	course_s_3_l1	NEW_course_s_3_remaining_01	NEW_course_s_3_remaining_01	add	phrase	9	Это шутка?	ล้อเล่นใช่ไหมครับ	lolenchaimaikhráp	Check tone before reacting.			native_review_required
course_s_3	course_s_3_l1	NEW_course_s_3_remaining_02	NEW_course_s_3_remaining_02	add	phrase	10	Что это значит?	หมายความว่าอะไรครับ	maikwamwaaraikhráp	Ask meaning directly.			native_review_required
course_s_3	course_s_3_l1	NEW_course_s_3_remaining_03	NEW_course_s_3_remaining_03	add	phrase	11	Серьёзно?	จริงเหรอครับ	chringerokhráp	One reaction, not a dialogue.			native_review_required
course_s_3	course_s_3_l1	NEW_course_s_3_remaining_04	NEW_course_s_3_remaining_04	add	phrase	12	Понятно	เข้าใจแล้วครับ	khaochailaeokhrap	Neutral exit when context is unclear.			native_review_required
course_s_4	course_s_4_l1	NEW_course_s_4_remaining_01	NEW_course_s_4_remaining_01	add	phrase	10	Во сколько практика?	ฝึกกี่โมงครับ	fuekkimongkhráp	Ask schedule before participation.			native_review_required
course_s_4	course_s_4_l1	NEW_course_s_4_remaining_02	NEW_course_s_4_remaining_02	add	phrase	11	Где зал?	ห้องอยู่ที่ไหนครับ	ongyuthinaikhráp	Navigation question only.			native_review_required
course_s_4	course_s_4_l1	NEW_course_s_4_remaining_03	NEW_course_s_4_remaining_03	add	phrase	12	Можно войти?	เข้าได้ไหมครับ	khaodaimaikhráp	Ask before entering a quiet space.			native_review_required
course_s_4	course_s_4_l1	NEW_course_s_4_remaining_04	NEW_course_s_4_remaining_04	add	phrase	13	Я закончил	เสร็จแล้วครับ	sertlaeokhrap	Signal completion and leave calmly.			native_review_required
course_s_5	course_s_5_l1	NEW_course_s_5_remaining_01	NEW_course_s_5_remaining_01	add	phrase	11	Ты свободен?	ว่างไหมครับ	wangmaikhráp	Simple invitation context.			native_review_required
course_s_5	course_s_5_l1	NEW_course_s_5_remaining_02	NEW_course_s_5_remaining_02	add	phrase	12	Пойдём вместе?	ไปด้วยกันไหมครับ	paiduaikanmaikhráp	Invitation, not relationship promise.			native_review_required
course_s_5	course_s_5_l1	NEW_course_s_5_remaining_03	NEW_course_s_5_remaining_03	add	phrase	13	Не сейчас	ตอนนี้ไม่สะดวกครับ	tonnimaisaduakkhráp	Clear but soft boundary.			native_review_required
course_s_5	course_s_5_l1	NEW_course_s_5_remaining_04	NEW_course_s_5_remaining_04	add	phrase	14	Ты серьёзно?	จริงจังไหมครับ	chringchangmaikhráp	Check intent before assuming.			native_review_required
course_s_6	course_s_6_l1	NEW_course_s_6_remaining_01	NEW_course_s_6_remaining_01	add	phrase	8	Стой!	หยุดนะ	yutna	Child-facing safety command.			native_review_required
course_s_6	course_s_6_l1	NEW_course_s_6_remaining_02	NEW_course_s_6_remaining_02	add	phrase	9	Держи меня за руку	จับมือไว้	chapmuewai	Direct safety action.			native_review_required
course_s_6	course_s_6_l1	NEW_course_s_6_remaining_03	NEW_course_s_6_remaining_03	add	phrase	10	Молодец!	เก่งมาก	kengmak	Short praise.			native_review_required
course_s_6	course_s_6_l1	NEW_course_s_6_remaining_04	NEW_course_s_6_remaining_04	add	phrase	11	Позови маму	เรียกแม่หน่อย	riakmaenoi	Keep parent или help phrase separate from food.			native_review_required
course_long_1	course_long_1_l1	NEW_course_long_1_remaining_01	NEW_course_long_1_remaining_01	add	phrase	10	Мне нужна запись на приём	ต้องการนัดหมายครับ	tongkannatmaikhrap	Administrative action first.			native_review_required
course_long_1	course_long_1_l1	NEW_course_long_1_remaining_02	NEW_course_long_1_remaining_02	add	phrase	11	Какой документ?	เอกสารอะไรครับ	eksanaraikhráp	Ask one missing document at a time.			native_review_required
course_long_1	course_long_1_l1	NEW_course_long_1_remaining_03	NEW_course_long_1_remaining_03	add	phrase	12	Нужна копия?	ต้องถ่ายสำเนาไหมครับ	tongthaisamnaomaikhráp	Confirm before making copies.			native_review_required
course_long_1	course_long_1_l1	NEW_course_long_1_remaining_04	NEW_course_long_1_remaining_04	add	phrase	13	Документы готовы?	เอกสารพร้อมหรือยังครับ	eksanphromrueyangkhráp	Ask status without legal interpretation.			native_review_required
course_long_5	course_long_5_l1	NEW_course_long_5_remaining_01	NEW_course_long_5_remaining_01	add	phrase	10	Можно тише?	เบาเสียงหน่อยได้ไหมครับ	baosiangnoidaimaikhráp	Condo или noise owner; repair stays elsewhere.			native_review_required
course_long_5	course_long_5_l1	NEW_course_long_5_remaining_02	NEW_course_long_5_remaining_02	add	phrase	11	Какое правило?	กฎข้อไหนครับ	kotkhonaikhráp	Ask for the specific rule.			native_review_required
course_long_5	course_long_5_l1	NEW_course_long_5_remaining_03	NEW_course_long_5_remaining_03	add	phrase	12	Собрание сегодня?	วันนี้มีประชุมไหมครับ	wan-níi mii bprà-chum mái khráp	Уточни, будет ли собрание сегодня.			native_review_required
course_long_5	course_long_5_l1	NEW_course_long_5_remaining_04	NEW_course_long_5_remaining_04	add	phrase	13	Я сообщу управляющему	จะแจ้งผู้จัดการครับ	chachaengphuchatkankhráp	Escalate calmly, not as a threat.			native_review_required
course_long_6	course_long_6_l1	NEW_course_long_6_remaining_01	NEW_course_long_6_remaining_01	add	phrase	10	Мне нужен ветеринар	ต้องการพบสัตวแพทย์ครับ	tongkanaphopsatphaetkhráp	Human doctor and pet vet stay separate.			native_review_required
course_long_6	course_long_6_l1	NEW_course_long_6_remaining_02	NEW_course_long_6_remaining_02	add	phrase	11	Он не ест	เขาไม่กินอาหารครับ	khaomaikinahankhráp	One symptom per card.			native_review_required
course_long_6	course_long_6_l1	NEW_course_long_6_remaining_03	NEW_course_long_6_remaining_03	add	phrase	12	Когда прививка?	ฉีดวัคซีนเมื่อไหร่ครับ	chitwaksinmuearaikhráp	Ask schedule separately.			native_review_required
course_long_6	course_long_6_l1	NEW_course_long_6_remaining_04	NEW_course_long_6_remaining_04	add	phrase	13	Можно с собакой?	พาสุนัขไปได้ไหมครับ	phasunakpaidaimaikhráp	Ask venue или travel policy before arrival.			native_review_required
course_long_7	course_long_7_l1	NEW_course_long_7_remaining_01	NEW_course_long_7_remaining_01	add	phrase	10	Я шучу	ล้อเล่นครับ	lolenkhráp	Signal intent explicitly.			native_review_required
course_long_7	course_long_7_l1	NEW_course_long_7_remaining_02	NEW_course_long_7_remaining_02	add	phrase	11	Не обижайся	อย่าโกรธนะครับ	yakontnakhráp	Use only after native register review.			native_review_required
course_long_7	course_long_7_l1	NEW_course_long_7_remaining_03	NEW_course_long_7_remaining_03	add	phrase	12	Я не понял шутку	ไม่เข้าใจมุกครับ	maikhaochaimukkhráp	Ask instead of pretending.			native_review_required
course_long_7	course_long_7_l1	NEW_course_long_7_remaining_04	NEW_course_long_7_remaining_04	add	phrase	13	Давайте о другом	เปลี่ยนเรื่องกันครับ	pelinrueangkankhráp	Exit an awkward joke safely.			native_review_required
