normalized_phrase	phrase	course	lesson
понял	понял	course_e_1	Понять
не понял	не понял	course_e_1	Понять
ясно	ясно	course_e_1	Понять
ещё раз	ещё раз	course_e_1	Понять
что значит?	что значит?	course_e_1	Понять
медленнее, пожалуйста	медленнее, пожалуйста	course_e_1	Темп
помедленнее	помедленнее	course_e_1	Темп
повторите	повторите	course_e_1	Темп
понятнее можно?	понятнее можно?	course_e_1	Темп
спасибо	спасибо	course_e_1	Темп
можно попросить?	можно попросить?	course_e_1	Мягко попросить
если можно	если можно	course_e_1	Мягко попросить
пожалуйста	пожалуйста	course_e_1	Мягко попросить
не приказ	не приказ	course_e_1	Мягко попросить
хорошо	хорошо	course_e_1	Мягко попросить
правильно?	правильно?	course_e_1	Уточнить
можно уточнить?	можно уточнить?	course_e_1	Уточнить
что вы имеете в виду?	что вы имеете в виду?	course_e_1	Уточнить
понял	понял	course_e_1	Уточнить
не уверен	не уверен	course_e_1	Уточнить
давайте спокойно	давайте спокойно	course_e_1	Тон
не спешите	не спешите	course_e_1	Тон
мягче можно?	мягче можно?	course_e_1	Тон
хорошо	хорошо	course_e_1	Тон
спасибо	спасибо	course_e_1	Тон
всё понятно	всё понятно	course_e_1	Завершить
договорились	договорились	course_e_1	Завершить
хорошо	хорошо	course_e_1	Завершить
до связи	до связи	course_e_1	Завершить
спасибо	спасибо	course_e_1	Завершить
можно попросить?	можно попросить?	course_e_2	Попросить
нужна помощь	нужна помощь	course_e_2	Попросить
нужно сделать	нужно сделать	course_e_2	Попросить
когда сможете?	когда сможете?	course_e_2	Попросить
спасибо	спасибо	course_e_2	Попросить
как статус?	как статус?	course_e_2	Статус
уже готово?	уже готово?	course_e_2	Статус
ещё не готово?	ещё не готово?	course_e_2	Статус
почти готово?	почти готово?	course_e_2	Статус
понял	понял	course_e_2	Статус
к какому сроку?	к какому сроку?	course_e_2	Срок
дедлайн когда?	дедлайн когда?	course_e_2	Срок
сегодня можно?	сегодня можно?	course_e_2	Срок
завтра можно?	завтра можно?	course_e_2	Срок
хорошо	хорошо	course_e_2	Срок
напоминаю	напоминаю	course_e_2	Напомнить
есть новости?	есть новости?	course_e_2	Напомнить
всё по плану?	всё по плану?	course_e_2	Напомнить
нужна помощь?	нужна помощь?	course_e_2	Напомнить
спасибо	спасибо	course_e_2	Напомнить
кто ведёт?	кто ведёт?	course_e_2	Команда
кто отвечает?	кто отвечает?	course_e_2	Команда
давайте вместе	давайте вместе	course_e_2	Команда
понял	понял	course_e_2	Команда
договорились	договорились	course_e_2	Команда
хороший день	хороший день	course_e_2	Контакт
спасибо за работу	спасибо за работу	course_e_2	Контакт
рад работать	рад работать	course_e_2	Контакт
до завтра	до завтра	course_e_2	Контакт
до связи	до связи	course_e_2	Контакт
давай спокойно	давай спокойно	course_e_4	Пауза
подожди	подожди	course_e_4	Пауза
минуту	минуту	course_e_4	Пауза
не сейчас	не сейчас	course_e_4	Пауза
хорошо	хорошо	course_e_4	Пауза
есть проблема	есть проблема	course_e_4	Проблема
я не понял	я не понял	course_e_4	Проблема
это не так	это не так	course_e_4	Проблема
можно уточнить?	можно уточнить?	course_e_4	Проблема
помогите	помогите	course_e_4	Проблема
извините	извините	course_e_4	Извинение
моя ошибка	моя ошибка	course_e_4	Извинение
прости	прости	course_e_4	Извинение
всё хорошо	всё хорошо	course_e_4	Извинение
спасибо	спасибо	course_e_4	Извинение
что делать?	что делать?	course_e_4	Решение
давай так	давай так	course_e_4	Решение
можно иначе?	можно иначе?	course_e_4	Решение
договорились	договорились	course_e_4	Решение
хорошо	хорошо	course_e_4	Решение
не кричи	не кричи	course_e_4	Граница
мне нужно время	мне нужно время	course_e_4	Граница
остановимся	остановимся	course_e_4	Граница
не хочу	не хочу	course_e_4	Граница
потом	потом	course_e_4	Граница
вопрос решён	вопрос решён	course_e_4	Завершение
всё нормально	всё нормально	course_e_4	Завершение
проехали	проехали	course_e_4	Завершение
спасибо	спасибо	course_e_4	Завершение
до связи	до связи	course_e_4	Завершение
можно попросить?	можно попросить?	course_e_5	Мягко попросить
пожалуйста	пожалуйста	course_e_5	Мягко попросить
если можно	если можно	course_e_5	Мягко попросить
не хочу мешать	не хочу мешать	course_e_5	Мягко попросить
спасибо	спасибо	course_e_5	Мягко попросить
не сейчас	не сейчас	course_e_5	Пауза
потом	потом	course_e_5	Пауза
давайте спокойно	давайте спокойно	course_e_5	Пауза
подождите	подождите	course_e_5	Пауза
хорошо	хорошо	course_e_5	Пауза
что значит?	что значит?	course_e_5	Уточнить
правильно?	правильно?	course_e_5	Уточнить
можно уточнить?	можно уточнить?	course_e_5	Уточнить
понял	понял	course_e_5	Уточнить
не понял	не понял	course_e_5	Уточнить
нет, спасибо	нет, спасибо	course_e_5	Мягко отказать
не надо	не надо	course_e_5	Мягко отказать
в другой раз	в другой раз	course_e_5	Мягко отказать
я подумаю	я подумаю	course_e_5	Мягко отказать
хорошо	хорошо	course_e_5	Мягко отказать
понял вас	понял вас	course_e_5	Подтвердить
всё хорошо	всё хорошо	course_e_5	Подтвердить
хорошо	хорошо	course_e_5	Подтвердить
спасибо	спасибо	course_e_5	Подтвердить
улыбка не всегда да	улыбка не всегда да	course_e_5	Контекст
уточнить лучше	уточнить лучше	course_e_5	Контекст
не угадывать	не угадывать	course_e_5	Контекст
спокойно	спокойно	course_e_5	Контекст
мягко	мягко	course_e_5	Контекст
с праздником	с праздником	course_l_11	Поздравить
с новым годом	с Новым годом	course_l_11	Поздравить
хорошего праздника	хорошего праздника	course_l_11	Поздравить
весело	весело	course_l_11	Поздравить
спасибо	спасибо	course_l_11	Поздравить
что делаем?	что делаем?	course_l_11	Присоединиться
можно посмотреть?	можно посмотреть?	course_l_11	Присоединиться
можно участвовать?	можно участвовать?	course_l_11	Присоединиться
я готов	я готов	course_l_11	Присоединиться
хорошо	хорошо	course_l_11	Присоединиться
облить можно?	облить можно?	course_l_11	Вода и Сонгкран
осторожно	осторожно	course_l_11	Вода и Сонгкран
ещё раз	ещё раз	course_l_11	Вода и Сонгкран
весело	весело	course_l_11	Вода и Сонгкран
достаточно	достаточно	course_l_11	Вода и Сонгкран
фото можно?	фото можно?	course_l_11	Фото
вместе фото?	вместе фото?	course_l_11	Фото
красиво	красиво	course_l_11	Фото
без вспышки	без вспышки	course_l_11	Фото
спасибо	спасибо	course_l_11	Фото
где праздник?	где праздник?	course_l_11	Ярмарка
что это?	что это?	course_l_11	Ярмарка
посмотреть можно?	посмотреть можно?	course_l_11	Ярмарка
сюда?	сюда?	course_l_11	Ярмарка
спасибо	спасибо	course_l_11	Ярмарка
я пойду	я пойду	course_l_11	Закончить
до встречи	до встречи	course_l_11	Закончить
хороший праздник	хороший праздник	course_l_11	Закончить
спасибо	спасибо	course_l_11	Закончить
увидимся	увидимся	course_l_11	Закончить
как стричь?	как стричь?	course_l_12	Стрижка
как на фото	как на фото	course_l_12	Стрижка
короче	короче	course_l_12	Стрижка
оставить длину	оставить длину	course_l_12	Стрижка
подровнять	подровнять	course_l_12	Стрижка
короче с боков	короче с боков	course_l_12	Детали
чёлка	чёлка	course_l_12	Детали
сзади короче	сзади короче	course_l_12	Детали
немного	немного	course_l_12	Детали
как в прошлый раз	как в прошлый раз	course_l_12	Детали
массаж плеч	массаж плеч	course_l_12	Массаж
мягче	мягче	course_l_12	Массаж
больно	больно	course_l_12	Массаж
остановитесь	остановитесь	course_l_12	Массаж
сколько минут?	сколько минут?	course_l_12	Массаж
только усы	только усы	course_l_12	Борода
оставить усы	оставить усы	course_l_12	Борода
аккуратно	аккуратно	course_l_12	Борода
форма	форма	course_l_12	Борода
брить	брить	course_l_12	Борода
сколько стоит?	сколько стоит?	course_l_12	Цена и время
сколько по времени?	сколько по времени?	course_l_12	Цена и время
скидка?	скидка?	course_l_12	Цена и время
завтра можно?	завтра можно?	course_l_12	Цена и время
хорошо	хорошо	course_l_12	Цена и время
не так	не так	course_l_12	Исправить
вот так	вот так	course_l_12	Исправить
ещё немного	ещё немного	course_l_12	Исправить
достаточно	достаточно	course_l_12	Исправить
спасибо	спасибо	course_l_12	Исправить
здесь проблема	здесь проблема	course_l_13	Сообщить проблему
вода течёт	вода течёт	course_l_13	Сообщить проблему
потолок мокрый	потолок мокрый	course_l_13	Сообщить проблему
не холодит	не холодит	course_l_13	Сообщить проблему
шумит	шумит	course_l_13	Сообщить проблему
почините, пожалуйста	почините, пожалуйста	course_l_13	Попросить ремонт
можно сегодня?	можно сегодня?	course_l_13	Попросить ремонт
срочно	срочно	course_l_13	Попросить ремонт
кто починит?	кто починит?	course_l_13	Попросить ремонт
спасибо	спасибо	course_l_13	Попросить ремонт
когда приедете?	когда приедете?	course_l_13	Договориться о визите
завтра можно?	завтра можно?	course_l_13	Договориться о визите
во сколько?	во сколько?	course_l_13	Договориться о визите
я буду дома	я буду дома	course_l_13	Договориться о визите
позвоните заранее	позвоните заранее	course_l_13	Договориться о визите
счёт, пожалуйста	счёт, пожалуйста	course_l_13	Оплата
перевод можно?	перевод можно?	course_l_13	Оплата
наличными?	наличными?	course_l_13	Оплата
чек можно?	чек можно?	course_l_13	Оплата
готово	готово	course_l_13	Оплата
всё хорошо?	всё хорошо?	course_l_13	Проверить результат
больше не течёт	больше не течёт	course_l_13	Проверить результат
теперь работает	теперь работает	course_l_13	Проверить результат
спасибо	спасибо	course_l_13	Проверить результат
до связи	до связи	course_l_13	Проверить результат
заказ	заказ	course_l_14	Заказ
доставка	доставка	course_l_14	Заказ
курьер	курьер	course_l_14	Заказ
когда привезут?	когда привезут?	course_l_14	Заказ
отследить заказ	отследить заказ	course_l_14	Заказ
дом номер	дом номер	course_l_14	Адрес
этаж	этаж	course_l_14	Адрес
улица	улица	course_l_14	Адрес
район	район	course_l_14	Адрес
у входа	у входа	course_l_14	Адрес
где заказ?	где заказ?	course_l_14	Трек
в пути	в пути	course_l_14	Трек
в сортировке	в сортировке	course_l_14	Трек
трек покажите	трек покажите	course_l_14	Трек
завтра?	завтра?	course_l_14	Трек
я еду	я еду	course_l_14	Встреча
жду у входа	жду у входа	course_l_14	Встреча
курьер где?	курьер где?	course_l_14	Встреча
домой можно?	домой можно?	course_l_14	Встреча
оставьте здесь	оставьте здесь	course_l_14	Встреча
включено?	включено?	course_l_14	Цена/доставка
доплата?	доплата?	course_l_14	Цена/доставка
минимум заказа	минимум заказа	course_l_14	Цена/доставка
завтра доставка?	завтра доставка?	course_l_14	Цена/доставка
заказываю	заказываю	course_l_14	Цена/доставка
курьер приехал	курьер приехал	course_l_14	Получение
сейчас заберу	сейчас заберу	course_l_14	Получение
всё на месте	всё на месте	course_l_14	Получение
упаковка целая	упаковка целая	course_l_14	Получение
спасибо	спасибо	course_l_14	Получение
доставка опоздала	доставка опоздала	course_l_14	Проблема
где курьер?	где курьер?	course_l_14	Проблема
завтра привезёте?	завтра привезёте?	course_l_14	Проблема
перезвоните	перезвоните	course_l_14	Проблема
трек покажите	трек покажите	course_l_14	Проблема
два пива	два пива	course_l_15	Заказ
со льдом	со льдом	course_l_15	Заказ
без льда	без льда	course_l_15	Заказ
вода	вода	course_l_15	Заказ
счёт, пожалуйста	счёт, пожалуйста	course_l_15	Заказ
дорого	дорого	course_l_15	Цена и акция
акция?	акция?	course_l_15	Цена и акция
два по цене одного	два по цене одного	course_l_15	Цена и акция
сколько?	сколько?	course_l_15	Цена и акция
хорошо	хорошо	course_l_15	Цена и акция
как тебя зовут?	как тебя зовут?	course_l_15	Короткий small talk
интересно	интересно	course_l_15	Короткий small talk
здесь весело	здесь весело	course_l_15	Короткий small talk
приятно	приятно	course_l_15	Короткий small talk
один как я?	один как я?	course_l_15	Короткий small talk
не хочу	не хочу	course_l_15	Границы
не надо	не надо	course_l_15	Границы
без фото	без фото	course_l_15	Границы
просто поговорим	просто поговорим	course_l_15	Границы
спасибо	спасибо	course_l_15	Границы
я пойду	я пойду	course_l_15	Уйти
до встречи	до встречи	course_l_15	Уйти
хороший вечер	хороший вечер	course_l_15	Уйти
спасибо за вечер	спасибо за вечер	course_l_15	Уйти
пока	пока	course_l_15	Уйти
ещё посидим?	ещё посидим?	course_l_15	Продолжить
ещё одну?	ещё одну?	course_l_15	Продолжить
завтра?	завтра?	course_l_15	Продолжить
хорошо	хорошо	course_l_15	Продолжить
посмотрим	посмотрим	course_l_15	Продолжить
такси	такси	course_l_2	Вызвать
grab	Grab	course_l_2	Вызвать
водитель	водитель	course_l_2	Вызвать
сюда	сюда	course_l_2	Вызвать
пожалуйста	пожалуйста	course_l_2	Вызвать
аэропорт	аэропорт	course_l_2	Адрес
отель	отель	course_l_2	Адрес
домой	домой	course_l_2	Адрес
вот адрес	вот адрес	course_l_2	Адрес
сюда	сюда	course_l_2	Адрес
налево	налево	course_l_2	Маршрут
направо	направо	course_l_2	Маршрут
прямо	прямо	course_l_2	Маршрут
здесь	здесь	course_l_2	Маршрут
дальше	дальше	course_l_2	Маршрут
сколько стоит?	сколько стоит?	course_l_2	Цена
по счётчику?	по счётчику?	course_l_2	Цена
дорого	дорого	course_l_2	Цена
хорошо	хорошо	course_l_2	Цена
оплата картой?	оплата картой?	course_l_2	Цена
подождите	подождите	course_l_2	В пути
сейчас	сейчас	course_l_2	В пути
ещё немного	ещё немного	course_l_2	В пути
остановите здесь	остановите здесь	course_l_2	В пути
готово	готово	course_l_2	В пути
здесь хорошо	здесь хорошо	course_l_2	Завершить
остановите	остановите	course_l_2	Завершить
сдачи не надо	сдачи не надо	course_l_2	Завершить
спасибо	спасибо	course_l_2	Завершить
до свидания	до свидания	course_l_2	Завершить
сколько?	сколько?	course_l_3	Цена
дорого	дорого	course_l_3	Цена
цена другая?	цена другая?	course_l_3	Цена
дешевле можно?	дешевле можно?	course_l_3	Цена
хорошо	хорошо	course_l_3	Цена
один	один	course_l_3	Количество
два	два	course_l_3	Количество
ещё один	ещё один	course_l_3	Количество
достаточно	достаточно	course_l_3	Количество
больше не надо	больше не надо	course_l_3	Количество
скидка есть?	скидка есть?	course_l_3	Торг
чуть дешевле?	чуть дешевле?	course_l_3	Торг
последняя цена?	последняя цена?	course_l_3	Торг
хорошо	хорошо	course_l_3	Торг
беру	беру	course_l_3	Торг
взвесить можно?	взвесить можно?	course_l_3	Взвесить/упаковать
упакуйте	упакуйте	course_l_3	Взвесить/упаковать
отдельно	отдельно	course_l_3	Взвесить/упаковать
вместе	вместе	course_l_3	Взвесить/упаковать
пакет	пакет	course_l_3	Взвесить/упаковать
наличные	наличные	course_l_3	Оплата
карта можно?	карта можно?	course_l_3	Оплата
сдача	сдача	course_l_3	Оплата
чек	чек	course_l_3	Оплата
спасибо	спасибо	course_l_3	Оплата
всё	всё	course_l_3	Завершить
беру	беру	course_l_3	Завершить
не надо	не надо	course_l_3	Завершить
спасибо	спасибо	course_l_3	Завершить
до свидания	до свидания	course_l_3	Завершить
это что?	это что?	course_l_4	Выбрать
это остро?	это остро?	course_l_4	Выбрать
не остро	не остро	course_l_4	Выбрать
это можно?	это можно?	course_l_4	Выбрать
беру это	беру это	course_l_4	Выбрать
это, пожалуйста	это, пожалуйста	course_l_4	Заказать
ещё одно	ещё одно	course_l_4	Заказать
без этого	без этого	course_l_4	Заказать
добавить это	добавить это	course_l_4	Заказать
достаточно	достаточно	course_l_4	Заказать
аллергия	аллергия	course_l_4	Ограничения
без арахиса	без арахиса	course_l_4	Ограничения
без молока	без молока	course_l_4	Ограничения
нельзя остро	нельзя остро	course_l_4	Ограничения
проверить можно?	проверить можно?	course_l_4	Ограничения
один	один	course_l_4	Количество
два	два	course_l_4	Количество
мало	мало	course_l_4	Количество
ещё	ещё	course_l_4	Количество
хватит	хватит	course_l_4	Количество
вода	вода	course_l_4	Напитки
лёд	лёд	course_l_4	Напитки
без льда	без льда	course_l_4	Напитки
сладко	сладко	course_l_4	Напитки
не сладко	не сладко	course_l_4	Напитки
счёт, пожалуйста	счёт, пожалуйста	course_l_4	Оплата
карта можно?	карта можно?	course_l_4	Оплата
сколько?	сколько?	course_l_4	Оплата
чек	чек	course_l_4	Оплата
спасибо	спасибо	course_l_4	Оплата
мне плохо	мне плохо	course_l_5	В аптеке
болит	болит	course_l_5	В аптеке
где лекарство?	где лекарство?	course_l_5	В аптеке
это поможет?	это поможет?	course_l_5	В аптеке
сколько стоит?	сколько стоит?	course_l_5	В аптеке
голова болит	голова болит	course_l_5	Симптомы
горло болит	горло болит	course_l_5	Симптомы
температура	температура	course_l_5	Симптомы
кашель	кашель	course_l_5	Симптомы
аллергия	аллергия	course_l_5	Симптомы
сколько принимать?	сколько принимать?	course_l_5	Дозировка
утром	утром	course_l_5	Дозировка
вечером	вечером	course_l_5	Дозировка
сколько раз?	сколько раз?	course_l_5	Дозировка
после еды?	после еды?	course_l_5	Дозировка
аллергия на антибиотики	аллергия на антибиотики	course_l_5	Антибиотики
есть другое?	есть другое?	course_l_5	Антибиотики
это подходит?	это подходит?	course_l_5	Антибиотики
инструкция	инструкция	course_l_5	Антибиотики
спасибо	спасибо	course_l_5	Антибиотики
врач где?	врач где?	course_l_5	В клинике
записаться можно?	записаться можно?	course_l_5	В клинике
паспорт вот	паспорт вот	course_l_5	В клинике
где болит?	где болит?	course_l_5	В клинике
покажу	покажу	course_l_5	В клинике
лучше	лучше	course_l_5	Продолжение
не лучше	не лучше	course_l_5	Продолжение
снова болит	снова болит	course_l_5	Продолжение
нужно ещё?	нужно ещё?	course_l_5	Продолжение
спасибо	спасибо	course_l_5	Продолжение
срочно	срочно	course_l_5	Safety
очень больно	очень больно	course_l_5	Safety
дышать трудно	дышать трудно	course_l_5	Safety
помощь	помощь	course_l_5	Safety
скорая	скорая	course_l_5	Safety
short cards	Short cards	course_l_6	Lesson focus
бронь есть	бронь есть	course_l_6	Check-in
паспорт вот	паспорт вот	course_l_6	Check-in
ключ где	ключ где	course_l_6	Check-in
номер готов	номер готов	course_l_6	Check-in
спасибо	спасибо	course_l_6	Check-in
где номер	где номер	course_l_6	Номер
это мой номер	это мой номер	course_l_6	Номер
можно другой	можно другой	course_l_6	Номер
здесь проблема	здесь проблема	course_l_6	Номер
всё хорошо	всё хорошо	course_l_6	Номер
уборка сегодня	уборка сегодня	course_l_6	Уборка и удобства
полотенце нужно	полотенце нужно	course_l_6	Уборка и удобства
воды нет	воды нет	course_l_6	Уборка и удобства
кондиционер не работает	кондиционер не работает	course_l_6	Уборка и удобства
можно помочь?	можно помочь?	course_l_6	Уборка и удобства
сломалось	сломалось	course_l_6	Ремонт
не работает	не работает	course_l_6	Ремонт
когда починят	когда починят	course_l_6	Ремонт
сегодня можно	сегодня можно	course_l_6	Ремонт
позвоните мне	позвоните мне	course_l_6	Ремонт
сейчас можно	сейчас можно	course_l_6	Время
позже можно	позже можно	course_l_6	Время
завтра можно	завтра можно	course_l_6	Время
во сколько?	во сколько?	course_l_6	Время
хорошо	хорошо	course_l_6	Время
выезд сегодня	выезд сегодня	course_l_6	Checkout
счёт, пожалуйста	счёт, пожалуйста	course_l_6	Checkout
багаж оставить можно	багаж оставить можно	course_l_6	Checkout
всё готово	всё готово	course_l_6	Checkout
спасибо	спасибо	course_l_6	Checkout
short cards	Short cards	course_l_7	Lesson focus
здесь можно	здесь можно	course_l_7	Место
тут свободно	тут свободно	course_l_7	Место
где место	где место	course_l_7	Место
в тень можно	в тень можно	course_l_7	Место
спасибо	спасибо	course_l_7	Место
слишком жарко	слишком жарко	course_l_7	Солнце и вода
есть тень	есть тень	course_l_7	Солнце и вода
можно воду	можно воду	course_l_7	Солнце и вода
ещё воды	ещё воды	course_l_7	Солнце и вода
всё хорошо	всё хорошо	course_l_7	Солнце и вода
можно плавать	можно плавать	course_l_7	Море и безопасность
глубоко?	глубоко?	course_l_7	Море и безопасность
осторожно	осторожно	course_l_7	Море и безопасность
подождать	подождать	course_l_7	Море и безопасность
я готов	я готов	course_l_7	Море и безопасность
когда отплытие	когда отплытие	course_l_7	Лодка и время
во сколько?	во сколько?	course_l_7	Лодка и время
куда плывём	куда плывём	course_l_7	Лодка и время
подождите	подождите	course_l_7	Лодка и время
готово	готово	course_l_7	Лодка и время
можно ещё?	можно ещё?	course_l_7	Простые просьбы
достаточно	достаточно	course_l_7	Простые просьбы
не надо	не надо	course_l_7	Простые просьбы
сюда	сюда	course_l_7	Простые просьбы
туда	туда	course_l_7	Простые просьбы
маска есть	маска есть	course_l_7	Снаряжение
ласты есть	ласты есть	course_l_7	Снаряжение
размер какой?	размер какой?	course_l_7	Снаряжение
можно взять?	можно взять?	course_l_7	Снаряжение
верну	верну	course_l_7	Снаряжение
всё	всё	course_l_7	Завершение
спасибо	спасибо	course_l_7	Завершение
было красиво	было красиво	course_l_7	Завершение
до встречи	до встречи	course_l_7	Завершение
я пойду	я пойду	course_l_7	Завершение
где это?	где это?	course_l_8	Найти товар
есть такой?	есть такой?	course_l_8	Найти товар
другой размер	другой размер	course_l_8	Найти товар
другой цвет	другой цвет	course_l_8	Найти товар
покажите	покажите	course_l_8	Найти товар
сколько?	сколько?	course_l_8	Цена
дорого	дорого	course_l_8	Цена
цена какая?	цена какая?	course_l_8	Цена
акция?	акция?	course_l_8	Цена
скидка есть?	скидка есть?	course_l_8	Цена
пакет	пакет	course_l_8	Пакет
маленький пакет	маленький пакет	course_l_8	Пакет
без пакета	без пакета	course_l_8	Пакет
экопакет	экопакет	course_l_8	Пакет
спасибо	спасибо	course_l_8	Пакет
карта можно?	карта можно?	course_l_8	Оплата
наличные	наличные	course_l_8	Оплата
сколько с меня?	сколько с меня?	course_l_8	Оплата
чек	чек	course_l_8	Оплата
всё	всё	course_l_8	Оплата
сегодня скидка?	сегодня скидка?	course_l_8	Акция
где акция?	где акция?	course_l_8	Акция
два по цене одного	два по цене одного	course_l_8	Акция
хорошо	хорошо	course_l_8	Акция
беру	беру	course_l_8	Акция
обменять можно?	обменять можно?	course_l_8	Обмен
размер не подходит	размер не подходит	course_l_8	Обмен
чек вот	чек вот	course_l_8	Обмен
другой размер	другой размер	course_l_8	Обмен
спасибо	спасибо	course_l_8	Обмен
помощь	помощь	course_l_9	Срочно
срочно	срочно	course_l_9	Срочно
опасно	опасно	course_l_9	Срочно
остановитесь	остановитесь	course_l_9	Срочно
подождите	подождите	course_l_9	Срочно
скорая	скорая	course_l_9	Медицинская помощь
больница	больница	course_l_9	Медицинская помощь
врач	врач	course_l_9	Медицинская помощь
больно	больно	course_l_9	Медицинская помощь
дышать трудно	дышать трудно	course_l_9	Медицинская помощь
полиция	полиция	course_l_9	Полиция
авария	авария	course_l_9	Полиция
нужна помощь	нужна помощь	course_l_9	Полиция
документы вот	документы вот	course_l_9	Полиция
подождите	подождите	course_l_9	Полиция
я здесь	я здесь	course_l_9	Место
вот адрес	вот адрес	course_l_9	Место
где мы?	где мы?	course_l_9	Место
вход здесь	вход здесь	course_l_9	Место
позвоните мне	позвоните мне	course_l_9	Место
не понимаю	не понимаю	course_l_9	Связь
повторите	повторите	course_l_9	Связь
медленнее	медленнее	course_l_9	Связь
переводчик нужен	переводчик нужен	course_l_9	Связь
ещё раз	ещё раз	course_l_9	Связь
помощь едет?	помощь едет?	course_l_9	Завершить
спасибо	спасибо	course_l_9	Завершить
я жду	я жду	course_l_9	Завершить
здесь	здесь	course_l_9	Завершить
хорошо	хорошо	course_l_9	Завершить
онлайн	онлайн	course_long_1	Начать
лично	лично	course_long_1	Начать
документы	документы	course_long_1	Начать
форма	форма	course_long_1	Начать
паспорт вот	паспорт вот	course_long_1	Начать
что нужно?	что нужно?	course_long_1	Документы
фото нужно?	фото нужно?	course_long_1	Документы
справка нужна?	справка нужна?	course_long_1	Документы
срок какой?	срок какой?	course_long_1	Документы
очередь где?	очередь где?	course_long_1	Документы
фото на документы	фото на документы	course_long_1	Фото
фото здесь?	фото здесь?	course_long_1	Фото
фотобудка где?	фотобудка где?	course_long_1	Фото
паспорт вот	паспорт вот	course_long_1	Фото
готово	готово	course_long_1	Фото
что не так?	что не так?	course_long_1	Ошибка
не хватает документов	не хватает документов	course_long_1	Ошибка
донести документы?	донести документы?	course_long_1	Ошибка
перевод нужен?	перевод нужен?	course_long_1	Ошибка
квитанция	квитанция	course_long_1	Оплата
окно оплаты	окно оплаты	course_long_1	Оплата
наличные или карта?	наличные или карта?	course_long_1	Оплата
онлайн можно?	онлайн можно?	course_long_1	Оплата
чек	чек	course_long_1	Оплата
окно номер	окно номер	course_long_1	Финал
офицер где?	офицер где?	course_long_1	Финал
печать в паспорт	печать в паспорт	course_long_1	Финал
готово?	готово?	course_long_1	Финал
следующая проверка когда?	следующая проверка когда?	course_long_1	Финал
паспорт	паспорт	course_long_2	Банк
документы	документы	course_long_2	Банк
что нужно?	что нужно?	course_long_2	Банк
открыть счёт	открыть счёт	course_long_2	Банк
карта нужна	карта нужна	course_long_2	Банк
перевод	перевод	course_long_2	Перевод
привязать карту	привязать карту	course_long_2	Перевод
qr-код	QR-код	course_long_2	Перевод
приложение банка	приложение банка	course_long_2	Перевод
без наличных	без наличных	course_long_2	Перевод
курс какой?	курс какой?	course_long_2	Курс/комиссия
комиссия сколько?	комиссия сколько?	course_long_2	Курс/комиссия
где поменять?	где поменять?	course_long_2	Курс/комиссия
кошелёк	кошелёк	course_long_2	Курс/комиссия
хорошо	хорошо	course_long_2	Курс/комиссия
перевод не пришёл	перевод не пришёл	course_long_2	Ошибка
когда зачислится?	когда зачислится?	course_long_2	Ошибка
реквизиты верные?	реквизиты верные?	course_long_2	Ошибка
ошибка	ошибка	course_long_2	Ошибка
проверить перевод	проверить перевод	course_long_2	Ошибка
поддержка	поддержка	course_long_2	Карта
идентификация	идентификация	course_long_2	Карта
карту заблокировать	карту заблокировать	course_long_2	Карта
новую карту	новую карту	course_long_2	Карта
позвонить в банк	позвонить в банк	course_long_2	Карта
код из sms	код из SMS	course_long_2	Лимиты
подтвердить в приложении	подтвердить в приложении	course_long_2	Лимиты
лимит какой?	лимит какой?	course_long_2	Лимиты
комиссия	комиссия	course_long_2	Лимиты
выписка	выписка	course_long_2	Лимиты
температура	температура	course_long_3	Симптомы
тошнит	тошнит	course_long_3	Симптомы
кружится голова	кружится голова	course_long_3	Симптомы
слабость	слабость	course_long_3	Симптомы
болит с утра	болит с утра	course_long_3	Симптомы
направление	направление	course_long_3	Анализы
анализы где?	анализы где?	course_long_3	Анализы
когда результат?	когда результат?	course_long_3	Анализы
результат готов?	результат готов?	course_long_3	Анализы
спасибо	спасибо	course_long_3	Анализы
аллергия	аллергия	course_long_3	Лекарства
другое лекарство можно?	другое лекарство можно?	course_long_3	Лекарства
реакция	реакция	course_long_3	Лекарства
хроническая болезнь	хроническая болезнь	course_long_3	Лекарства
лекарства вот	лекарства вот	course_long_3	Лекарства
номер полиса	номер полиса	course_long_3	Страховка
страховка платит?	страховка платит?	course_long_3	Страховка
лимит какой?	лимит какой?	course_long_3	Страховка
копия заключения	копия заключения	course_long_3	Страховка
позвонить в страховую	позвонить в страховую	course_long_3	Страховка
срочно	срочно	course_long_3	Помощь
экстренная помощь	экстренная помощь	course_long_3	Помощь
больница где?	больница где?	course_long_3	Помощь
переводчик нужен	переводчик нужен	course_long_3	Помощь
номер линии	номер линии	course_long_3	Помощь
выписка	выписка	course_long_3	Выписка
повторный приём	повторный приём	course_long_3	Выписка
больничный	больничный	course_long_3	Выписка
копия документов	копия документов	course_long_3	Выписка
спасибо	спасибо	course_long_3	Выписка
до … сколько?	до … сколько?	course_long_4	Мототакси
сюда	сюда	course_long_4	Мототакси
подождите	подождите	course_long_4	Мототакси
едем	едем	course_long_4	Мототакси
спасибо	спасибо	course_long_4	Мототакси
залог	залог	course_long_4	Аренда
документы	документы	course_long_4	Аренда
права	права	course_long_4	Аренда
на сколько дней?	на сколько дней?	course_long_4	Аренда
вернуть когда?	вернуть когда?	course_long_4	Аренда
шлем	шлем	course_long_4	Безопасность
два шлема	два шлема	course_long_4	Безопасность
осторожно	осторожно	course_long_4	Безопасность
зеркало работает?	зеркало работает?	course_long_4	Безопасность
другой байк	другой байк	course_long_4	Безопасность
страховка есть?	страховка есть?	course_long_4	Страховка
что покрывает?	что покрывает?	course_long_4	Страховка
дтп	ДТП	course_long_4	Страховка
ущерб кому?	ущерб кому?	course_long_4	Страховка
оформить можно?	оформить можно?	course_long_4	Страховка
прямо	прямо	course_long_4	Маршрут
остановка	остановка	course_long_4	Маршрут
сколько до …?	сколько до …?	course_long_4	Маршрут
здесь выйти	здесь выйти	course_long_4	Маршрут
спасибо	спасибо	course_long_4	Маршрут
полный бак	полный бак	course_long_4	Возврат
ключи вот	ключи вот	course_long_4	Возврат
документы вот	документы вот	course_long_4	Возврат
всё готово	всё готово	course_long_4	Возврат
спасибо	спасибо	course_long_4	Возврат
после десяти	после десяти	course_long_5	Шум
громко	громко	course_long_5	Шум
стены тонкие	стены тонкие	course_long_5	Шум
можно тише?	можно тише?	course_long_5	Шум
спасибо	спасибо	course_long_5	Шум
можно?	можно?	course_long_5	Правила
нельзя?	нельзя?	course_long_5	Правила
правило какое?	правило какое?	course_long_5	Правила
штраф есть?	штраф есть?	course_long_5	Правила
где правила?	где правила?	course_long_5	Правила
бассейн до скольки?	бассейн до скольки?	course_long_5	Общие зоны
парковка где?	парковка где?	course_long_5	Общие зоны
лифт	лифт	course_long_5	Общие зоны
мусор куда?	мусор куда?	course_long_5	Общие зоны
спасибо	спасибо	course_long_5	Общие зоны
condo chat	condo chat	course_long_5	Management
офис где?	офис где?	course_long_5	Management
позвонить в офис	позвонить в офис	course_long_5	Management
камера есть?	камера есть?	course_long_5	Management
помогите	помогите	course_long_5	Management
собрание когда?	собрание когда?	course_long_5	Собрание
завтра в десять?	завтра в десять?	course_long_5	Собрание
о чём?	о чём?	course_long_5	Собрание
участвовать можно?	участвовать можно?	course_long_5	Собрание
протокол можно?	протокол можно?	course_long_5	Собрание
снизу жалуются	снизу жалуются	course_long_5	Конфликт
давайте спокойно	давайте спокойно	course_long_5	Конфликт
решим мирно	решим мирно	course_long_5	Конфликт
понял	понял	course_long_5	Конфликт
вопрос решён	вопрос решён	course_long_5	Конфликт
ветклиника где?	ветклиника где?	course_long_6	Ветеринар
первый визит	первый визит	course_long_6	Ветеринар
собака или кошка?	собака или кошка?	course_long_6	Ветеринар
возраст	возраст	course_long_6	Ветеринар
порода	порода	course_long_6	Ветеринар
справка	справка	course_long_6	Документы
прививка	прививка	course_long_6	Документы
следующая прививка когда?	следующая прививка когда?	course_long_6	Документы
для выезда	для выезда	course_long_6	Документы
чип	чип	course_long_6	Документы
температура	температура	course_long_6	Симптомы
не ест	не ест	course_long_6	Симптомы
рвота	рвота	course_long_6	Симптомы
блохи	блохи	course_long_6	Симптомы
что делать?	что делать?	course_long_6	Симптомы
груминг где?	груминг где?	course_long_6	Груминг
записаться можно?	записаться можно?	course_long_6	Груминг
мытьё	мытьё	course_long_6	Груминг
когти	когти	course_long_6	Груминг
уши	уши	course_long_6	Груминг
с собакой можно?	с собакой можно?	course_long_6	Pet-friendly
с кошкой можно?	с кошкой можно?	course_long_6	Pet-friendly
пляж можно?	пляж можно?	course_long_6	Pet-friendly
переноска	переноска	course_long_6	Pet-friendly
отель можно?	отель можно?	course_long_6	Pet-friendly
с питомцем можно?	с питомцем можно?	course_long_6	Перелёт
клетка	клетка	course_long_6	Перелёт
справка нужна?	справка нужна?	course_long_6	Перелёт
куда идти?	куда идти?	course_long_6	Перелёт
спасибо	спасибо	course_long_6	Перелёт
смешно	смешно	course_long_7	Реакция
очень смешно	очень смешно	course_long_7	Реакция
правда?	правда?	course_long_7	Реакция
серьёзно?	серьёзно?	course_long_7	Реакция
ладно	ладно	course_long_7	Реакция
555	555	course_long_7	Чат
ага	ага	course_long_7	Чат
точно	точно	course_long_7	Чат
кайф	кайф	course_long_7	Чат
понял	понял	course_long_7	Чат
это шутка?	это шутка?	course_long_7	Контекст
что значит?	что значит?	course_long_7	Контекст
из какого сериала?	из какого сериала?	course_long_7	Контекст
видел	видел	course_long_7	Контекст
не видел	не видел	course_long_7	Контекст
шучу	шучу	course_long_7	Подкол
не обижайся	не обижайся	course_long_7	Подкол
просто шутка	просто шутка	course_long_7	Подкол
правда?	правда?	course_long_7	Подкол
всё хорошо	всё хорошо	course_long_7	Подкол
тикток?	тикток?	course_long_7	Поп-культура
сериал?	сериал?	course_long_7	Поп-культура
песня?	песня?	course_long_7	Поп-культура
челлендж	челлендж	course_long_7	Поп-культура
вирусное видео	вирусное видео	course_long_7	Поп-культура
не понял	не понял	course_long_7	Exit
потом объяснишь?	потом объяснишь?	course_long_7	Exit
ладно	ладно	course_long_7	Exit
спасибо	спасибо	course_long_7	Exit
до связи	до связи	course_long_7	Exit
мой день	мой день	course_s_1	Сторис
сегодня красиво	сегодня красиво	course_s_1	Сторис
здесь круто	здесь круто	course_s_1	Сторис
настроение ок	настроение ок	course_s_1	Сторис
смотрите	смотрите	course_s_1	Сторис
огонь	огонь	course_s_1	Reaction
классно	классно	course_s_1	Reaction
очень красиво	очень красиво	course_s_1	Reaction
спасибо	спасибо	course_s_1	Reaction
люблю	люблю	course_s_1	Reaction
здесь красиво	здесь красиво	course_s_1	Фото
хорошее фото	хорошее фото	course_s_1	Фото
свет хороший	свет хороший	course_s_1	Фото
вместе?	вместе?	course_s_1	Фото
готово	готово	course_s_1	Фото
спасибо	спасибо	course_s_1	Комментарии
отвечу позже	отвечу позже	course_s_1	Комментарии
что думаешь?	что думаешь?	course_s_1	Комментарии
точно	точно	course_s_1	Комментарии
напиши мне	напиши мне	course_s_1	Директ
отвечу позже	отвечу позже	course_s_1	Директ
спасибо за сообщение	спасибо за сообщение	course_s_1	Директ
можно уточнить?	можно уточнить?	course_s_1	Директ
до связи	до связи	course_s_1	Директ
сохранить	сохранить	course_s_1	Post
опубликовать	опубликовать	course_s_1	Post
подпись готова	подпись готова	course_s_1	Post
хэштег?	хэштег?	course_s_1	Post
готово	готово	course_s_1	Post
люблю музыку	люблю музыку	course_s_2	Интересы
люблю спорт	люблю спорт	course_s_2	Интересы
нравится танцевать	нравится танцевать	course_s_2	Интересы
моё хобби	моё хобби	course_s_2	Интересы
а ты?	а ты?	course_s_2	Интересы
где занятие?	где занятие?	course_s_2	Найти занятие
когда занятие?	когда занятие?	course_s_2	Найти занятие
расписание где?	расписание где?	course_s_2	Найти занятие
пробное есть?	пробное есть?	course_s_2	Найти занятие
сколько стоит?	сколько стоит?	course_s_2	Найти занятие
можно с вами?	можно с вами?	course_s_2	Присоединиться
я новичок	я новичок	course_s_2	Присоединиться
пойдём вместе?	пойдём вместе?	course_s_2	Присоединиться
ещё хобби?	ещё хобби?	course_s_2	Присоединиться
хорошо	хорошо	course_s_2	Присоединиться
сегодня	сегодня	course_s_2	Время
на выходных	на выходных	course_s_2	Время
через неделю	через неделю	course_s_2	Время
во сколько?	во сколько?	course_s_2	Время
до встречи	до встречи	course_s_2	Время
коврик нужен?	коврик нужен?	course_s_2	Снаряжение
взять коврик	взять коврик	course_s_2	Снаряжение
форма нужна?	форма нужна?	course_s_2	Снаряжение
вода есть?	вода есть?	course_s_2	Снаряжение
спасибо	спасибо	course_s_2	Снаряжение
тренер хороший?	тренер хороший?	course_s_2	Группа
записаться можно?	записаться можно?	course_s_2	Группа
вместе?	вместе?	course_s_2	Группа
как прогресс?	как прогресс?	course_s_2	Группа
до связи	до связи	course_s_2	Группа
серьёзно?	серьёзно?	course_s_3	Реакция
правда?	правда?	course_s_3	Реакция
реально?	реально?	course_s_3	Реакция
шутка?	шутка?	course_s_3	Реакция
понятно	понятно	course_s_3	Реакция
смешно	смешно	course_s_3	Юмор
не понял	не понял	course_s_3	Юмор
ещё раз	ещё раз	course_s_3	Юмор
ты шутишь?	ты шутишь?	course_s_3	Юмор
понял	понял	course_s_3	Юмор
ага	ага	course_s_3	Чат
точно	точно	course_s_3	Чат
да ладно	да ладно	course_s_3	Чат
жесть	жесть	course_s_3	Чат
хорошо	хорошо	course_s_3	Чат
что значит?	что значит?	course_s_3	Подтекст
ты серьёзно?	ты серьёзно?	course_s_3	Подтекст
это намёк?	это намёк?	course_s_3	Подтекст
понял	понял	course_s_3	Подтекст
не знаю	не знаю	course_s_3	Подтекст
смешно	смешно	course_s_3	Ответ
согласен	согласен	course_s_3	Ответ
не уверен	не уверен	course_s_3	Ответ
расскажи	расскажи	course_s_3	Ответ
спасибо	спасибо	course_s_3	Ответ
ладно	ладно	course_s_3	Exit
проехали	проехали	course_s_3	Exit
всё хорошо	всё хорошо	course_s_3	Exit
потом	потом	course_s_3	Exit
до связи	до связи	course_s_3	Exit
правила где?	правила где?	course_s_4	Правила
молчание?	молчание?	course_s_4	Правила
можно говорить?	можно говорить?	course_s_4	Правила
спасибо	спасибо	course_s_4	Правила
понятно	понятно	course_s_4	Правила
медитация когда?	медитация когда?	course_s_4	Расписание
утром	утром	course_s_4	Расписание
вечером	вечером	course_s_4	Расписание
свободное время	свободное время	course_s_4	Расписание
расписание где?	расписание где?	course_s_4	Расписание
практика где?	практика где?	course_s_4	Практика
участвовать можно?	участвовать можно?	course_s_4	Практика
дышать спокойно	дышать спокойно	course_s_4	Практика
готово	готово	course_s_4	Практика
спасибо	спасибо	course_s_4	Практика
храм где?	храм где?	course_s_4	Ориентиры
зал где?	зал где?	course_s_4	Ориентиры
сюда?	сюда?	course_s_4	Ориентиры
туда?	туда?	course_s_4	Ориентиры
спасибо	спасибо	course_s_4	Ориентиры
можно спросить?	можно спросить?	course_s_4	Монахи
вопрос можно?	вопрос можно?	course_s_4	Монахи
спасибо	спасибо	course_s_4	Монахи
извините	извините	course_s_4	Монахи
понятно	понятно	course_s_4	Монахи
всё понятно	всё понятно	course_s_4	Завершить
спасибо за учение	спасибо за учение	course_s_4	Завершить
до свидания	до свидания	course_s_4	Завершить
я пойду	я пойду	course_s_4	Завершить
хорошо	хорошо	course_s_4	Завершить
ты мне нравишься	ты мне нравишься	course_s_5	Симпатия
мило	мило	course_s_5	Симпатия
приятно с тобой	приятно с тобой	course_s_5	Симпатия
интересно	интересно	course_s_5	Симпатия
спасибо	спасибо	course_s_5	Симпатия
погуляем?	погуляем?	course_s_5	Приглашение
увидимся вечером?	увидимся вечером?	course_s_5	Приглашение
пойдём вместе?	пойдём вместе?	course_s_5	Приглашение
когда удобно?	когда удобно?	course_s_5	Приглашение
хорошо	хорошо	course_s_5	Приглашение
правда?	правда?	course_s_5	Намёк
серьёзно?	серьёзно?	course_s_5	Намёк
мне приятно	мне приятно	course_s_5	Намёк
посмотрим	посмотрим	course_s_5	Намёк
не знаю	не знаю	course_s_5	Намёк
не спеши	не спеши	course_s_5	Границы
мне нужно время	мне нужно время	course_s_5	Границы
стоп	стоп	course_s_5	Границы
не хочу	не хочу	course_s_5	Границы
давай спокойно	давай спокойно	course_s_5	Границы
мы вместе?	мы вместе?	course_s_5	Статус
ты свободен	ты свободен	course_s_5	Статус
свободна?	свободна?	course_s_5	Статус
что между нами?	что между нами?	course_s_5	Статус
понятно	понятно	course_s_5	Статус
хорошо	хорошо	course_s_5	Статус
спасибо за вечер	спасибо за вечер	course_s_5	Завершение
до встречи	до встречи	course_s_5	Завершение
я пойду	я пойду	course_s_5	Завершение
напиши мне	напиши мне	course_s_5	Завершение
пока	пока	course_s_5	Завершение
играть?	играть?	course_s_6	Игра
давай играть	давай играть	course_s_6	Игра
твоя очередь	твоя очередь	course_s_6	Игра
моя очередь	моя очередь	course_s_6	Игра
ещё раз	ещё раз	course_s_6	Игра
умница	умница	course_s_6	Похвала
молодец	молодец	course_s_6	Похвала
хорошо	хорошо	course_s_6	Похвала
очень хорошо	очень хорошо	course_s_6	Похвала
какой милый	какой милый	course_s_6	Похвала
осторожно	осторожно	course_s_6	Безопасность
стоп	стоп	course_s_6	Безопасность
не трогай	не трогай	course_s_6	Безопасность
держись за руку	держись за руку	course_s_6	Безопасность
всё хорошо	всё хорошо	course_s_6	Безопасность
ваш ребёнок	ваш ребёнок	course_s_6	Родители
можно?	можно?	course_s_6	Родители
она играет	она играет	course_s_6	Родители
спасибо	спасибо	course_s_6	Родители
извините	извините	course_s_6	Родители
вода	вода	course_s_6	Кафе/пляж
сюда нельзя	сюда нельзя	course_s_6	Кафе/пляж
жарко	жарко	course_s_6	Кафе/пляж
пойдём	пойдём	course_s_6	Кафе/пляж
готово	готово	course_s_6	Кафе/пляж
пора домой	пора домой	course_s_6	Завершить
пора спать	пора спать	course_s_6	Завершить
ещё пять минут	ещё пять минут	course_s_6	Завершить
всё	всё	course_s_6	Завершить
до свидания	до свидания	course_s_6	Завершить
